{"type":"FeatureCollection","name":"Jakarta Barat ADM3","features":[{"type":"Feature","properties":{"adm3_name":"Cengkareng","adm3_name1":null,"adm3_name2":null,"adm3_name3":null,"adm3_pcode":"ID3174070","adm2_name":"Kota Jakarta Barat","adm2_name1":null,"adm2_name2":null,"adm2_name3":null,"adm2_pcode":"ID3174","adm1_name":"Dki Jakarta","adm1_name1":null,"adm1_name2":null,"adm1_name3":null,"adm1_pcode":"ID31","adm0_name":"Indonesia","adm0_name1":null,"adm0_name2":null,"adm0_name3":null,"adm0_pcode":"ID","valid_on":"2020-04-01","valid_to":null,"area_sqkm":26.36526538,"version":"v01","lang":"en","lang1":null,"lang2":null,"lang3":null,"adm3_ref_name":"Cengkareng","center_lat":-6.1557,"center_lon":106.74241024},"geometry":{"type":"Polygon","coordinates":[[[106.73457440000004,-6.12391719999988],[106.73445260000011,-6.123828],[106.73439360000003,-6.123784699999931],[106.73401270000011,-6.123472299999946],[106.73379390000014,-6.123349499999904],[106.73355630000003,-6.123293199999864],[106.733252,-6.123161099999948],[106.733033,-6.12297169999988],[106.73288030000003,-6.122744099999977],[106.73268980000012,-6.12256409999992],[106.7324516000001,-6.122317799999962],[106.7322231,-6.122109399999943],[106.73209920000005,-6.121986199999981],[106.7319490000001,-6.121855299999879],[106.73188040000008,-6.121795199999895],[106.7315905000001,-6.121553899999924],[106.73158840000008,-6.121552099999974],[106.73132,-6.12191],[106.73114,-6.12224],[106.73087000000015,-6.12278],[106.7305300000001,-6.12348],[106.73050000000012,-6.12357],[106.7303,-6.124099999999828],[106.73028680000004,-6.124152899999956],[106.7298924000001,-6.123910399999943],[106.7289533,-6.123188],[106.7289052000001,-6.123227299999826],[106.72853229999998,-6.123531899999875],[106.7284468000002,-6.123756599999922],[106.72768790000015,-6.123724499999923],[106.72726550000016,-6.123857599999951],[106.72712130000014,-6.123941799999955],[106.72699470000015,-6.124015699999973],[106.72672760000006,-6.124171599999954],[106.72669850000017,-6.124188599999968],[106.7266688000002,-6.124206],[106.72626880000013,-6.124426899999946],[106.72588960000019,-6.124636299999963],[106.72516540000015,-6.125036399999942],[106.72483910000011,-6.125216599999931],[106.72459010000011,-6.125354099999925],[106.72450260000016,-6.12544459999998],[106.72424280000018,-6.125713099999871],[106.72423550000013,-6.125703099999953],[106.72413990000018,-6.125819399999955],[106.72399670000004,-6.125967399999979],[106.72386770000003,-6.126100799999904],[106.72372930000017,-6.126061699999866],[106.72345250000018,-6.125983499999961],[106.72337230000011,-6.125939199999948],[106.7233399000001,-6.125932899999952],[106.72317850000007,-6.125901099999965],[106.723161,-6.12589579999991],[106.7231567,-6.125896299999965],[106.72311770000016,-6.125900799999954],[106.72310210000012,-6.125902699999926],[106.72292180000011,-6.125953899999899],[106.72283310000006,-6.125972299999944],[106.72249820000008,-6.126041899999905],[106.72235210000008,-6.1260888999999],[106.72227670000007,-6.126113199999963],[106.7222463,-6.126123],[106.72221100000013,-6.126134399999842],[106.72221050000007,-6.126134799999875],[106.72204810000011,-6.126266499999929],[106.72179180000006,-6.126513699999975],[106.7216732,-6.126628],[106.721506,-6.126736999999878],[106.72150470000014,-6.126739199999975],[106.72149980000006,-6.126741599999889],[106.72144280000015,-6.126786299999935],[106.72138410000008,-6.126823299999899],[106.72134520000009,-6.126847799999894],[106.72130340000018,-6.126874199999861],[106.72127510000013,-6.126891999999884],[106.72114660000017,-6.126918099999955],[106.7211291000001,-6.126921699999968],[106.7211177000001,-6.126924],[106.72104040000005,-6.12691789999991],[106.72094,-6.12691],[106.72085250000015,-6.126836399999945],[106.720639,-6.126656699999955],[106.7206338000002,-6.126652299999876],[106.72061090000005,-6.126653699999906],[106.72059460000014,-6.126654699999904],[106.7205340000001,-6.126627],[106.72048750000016,-6.126603799999941],[106.72042460000011,-6.126634299999978],[106.72035130000006,-6.126669799999888],[106.7203012,-6.126694099999952],[106.72028940000013,-6.126699799999926],[106.72021590000008,-6.126735399999916],[106.72018650000012,-6.126764299999934],[106.72005600000017,-6.126891999999884],[106.7200231000001,-6.126924299999928],[106.71989230000008,-6.127052299999946],[106.71987440000004,-6.127069799999958],[106.71984750000013,-6.127108],[106.71982400000013,-6.127141499999937],[106.7197139000001,-6.127298099999848],[106.71960350000018,-6.127455199999872],[106.71958070000011,-6.127488599999879],[106.71955090000012,-6.12753529999992],[106.71949740000014,-6.127611099999967],[106.71947470000003,-6.127643299999875],[106.71938250000005,-6.127779799999928],[106.71933900000016,-6.12784379999988],[106.71921240000017,-6.128011899999933],[106.71914330000016,-6.128103599999974],[106.71909000000016,-6.128174399999978],[106.7190680000001,-6.128203599999893],[106.71900690000001,-6.128291],[106.71884240000009,-6.128526099999931],[106.718842,-6.128526699999895],[106.71870700000011,-6.128705099999934],[106.71856670000005,-6.128796899999941],[106.71852,-6.128869],[106.7184,-6.129054599999961],[106.71832560000013,-6.129007599999966],[106.71820340000016,-6.12887939999996],[106.71799329999999,-6.129039499999976],[106.7181298000001,-6.129227499999956],[106.71821720000008,-6.129337],[106.71826100000015,-6.129391899999973],[106.71797310000011,-6.129537699999958],[106.71774390000019,-6.129672599999935],[106.71753280000013,-6.129853999999852],[106.71707429999998,-6.130343299999936],[106.71672180000013,-6.130609699999923],[106.71643620000015,-6.13090219999998],[106.71664520000019,-6.131173],[106.71678140000012,-6.131327599999906],[106.71706780000017,-6.131652699999904],[106.71717840000008,-6.131778199999872],[106.71717200000012,-6.131784399999958],[106.7175238000001,-6.13220739999997],[106.71765550000015,-6.132365799999945],[106.71768670000006,-6.132403299999908],[106.71767540000019,-6.132409799999948],[106.71832240000009,-6.133097],[106.71850810000018,-6.133294399999954],[106.71851920000017,-6.133327699999938],[106.7183270000001,-6.133509699999877],[106.71812040000003,-6.133705299999917],[106.7181035000001,-6.13372129999982],[106.71834880000011,-6.133959199999879],[106.71847280000009,-6.134101799999939],[106.71815830000014,-6.134415399999966],[106.71806320000013,-6.134510299999931],[106.71757840000015,-6.134511799999927],[106.717565,-6.135324399999945],[106.71755420000011,-6.135717499999942],[106.71726180000007,-6.135812199999975],[106.71718379999999,-6.135832],[106.71675490000007,-6.135940699999935],[106.71664530000004,-6.136021699999901],[106.71648070000009,-6.136136099999874],[106.71648130000017,-6.136149899999964],[106.71650160000007,-6.136622299999942],[106.71650060000013,-6.136622299999942],[106.71649550000006,-6.136793699999942],[106.71649350000007,-6.136860499999955],[106.71650590000007,-6.137045099999852],[106.71646010000018,-6.137197399999934],[106.7164669,-6.137462],[106.71654180000019,-6.137496],[106.71654240000004,-6.137501199999917],[106.7164670000002,-6.137466499999903],[106.7164799000002,-6.137970699999869],[106.71648080000011,-6.137978799999928],[106.7164853000001,-6.138019899999961],[106.71653340000017,-6.138457899999935],[106.71656880000012,-6.138579],[106.71667960000019,-6.138958099999968],[106.71668740000013,-6.138985],[106.71677510000012,-6.139507699999967],[106.71684660000017,-6.13993389999996],[106.71685530000019,-6.139985899999886],[106.7168556000002,-6.139988599999924],[106.7169206000001,-6.140536699999927],[106.7169962000001,-6.141175],[106.71708289999998,-6.141907099999969],[106.71708760000001,-6.141906699999936],[106.71715050000012,-6.142474699999923],[106.71716400000014,-6.14259659999982],[106.71716420000018,-6.14259809999993],[106.71714880000013,-6.142597199999955],[106.71717370000005,-6.142861699999969],[106.71717470000016,-6.142867099999819],[106.71717500000017,-6.142868399999941],[106.7171754000002,-6.142871],[106.71719990000008,-6.143000399999835],[106.7172432000001,-6.14331089999996],[106.717244,-6.143318399999941],[106.71726050000012,-6.143319499999961],[106.71738150000004,-6.143327],[106.71759030000004,-6.143339899999944],[106.71780110000009,-6.14333929999998],[106.71802710000014,-6.143406299999924],[106.7181854000001,-6.143473599999822],[106.71813280000003,-6.14362],[106.71803910000006,-6.143966],[106.71798170000011,-6.144194699999957],[106.71785460000007,-6.14470069999993],[106.71785760000017,-6.144701499999883],[106.7179341000001,-6.14471809999992],[106.7179000000001,-6.144839999999874],[106.7178175000002,-6.145392499999957],[106.71780000000018,-6.145509999999888],[106.71778000000012,-6.14565],[106.7177700000002,-6.14644],[106.71789000000018,-6.147219999999891],[106.71791,-6.14736],[106.71797,-6.14792],[106.7179900000001,-6.148009999999886],[106.71806,-6.14849],[106.71823,-6.15012],[106.71825000000013,-6.15028],[106.71835,-6.151139999999884],[106.71845000000013,-6.15199],[106.71855,-6.15265],[106.71863000000013,-6.15283],[106.71867,-6.15295],[106.7187600000002,-6.153229999999894],[106.71886000000012,-6.153509999999869],[106.71831,-6.15363],[106.71796000000012,-6.15379],[106.71758000000011,-6.15399],[106.71727,-6.15415],[106.71699000000012,-6.15435],[106.71663000000018,-6.154589999999871],[106.7163,-6.15483],[106.71598,-6.15508],[106.71572,-6.15523],[106.71570070000001,-6.155246199999908],[106.71582000000012,-6.15544],[106.71585000000016,-6.1555],[106.71588000000014,-6.15562],[106.71596000000017,-6.15583],[106.71597910000014,-6.155976799999962],[106.71598870000008,-6.156050599999958],[106.71601149999998,-6.156396899999891],[106.71599670000018,-6.156757899999945],[106.71599640000017,-6.156765099999973],[106.71597540000005,-6.15696],[106.71596620000014,-6.157452599999942],[106.71596440000019,-6.157491399999969],[106.71594130000005,-6.157997599999931],[106.7159411,-6.158000399999878],[106.71581520000012,-6.157996899999944],[106.7152859000002,-6.15798209999997],[106.715268,-6.157981599999914],[106.71526530000006,-6.158175699999902],[106.71526090000009,-6.158493099999873],[106.71525770000017,-6.158721799999967],[106.71524620000008,-6.159551799999974],[106.71523940000009,-6.160046399999885],[106.71522920000012,-6.160777599999903],[106.715782,-6.160798799999952],[106.71637540000006,-6.160821699999929],[106.7163745000002,-6.160897],[106.71637000000015,-6.16126],[106.71628,-6.16207],[106.71623920000019,-6.162574699999936],[106.71620000000013,-6.16306],[106.71620470000016,-6.163096199999814],[106.71627,-6.1636],[106.71632410000012,-6.163824799999873],[106.71633140000017,-6.163855199999887],[106.71638370000005,-6.16407259999994],[106.7164282,-6.164283],[106.71648180000017,-6.164581099999907],[106.71653550000019,-6.164931799999977],[106.71657860000005,-6.165243499999917],[106.71659520000014,-6.1653356999999],[106.71661540000002,-6.165447899999947],[106.71660580000014,-6.165469599999881],[106.7165988000001,-6.165485599999954],[106.71650520000014,-6.165697199999897],[106.71648030000006,-6.165729099999965],[106.716407,-6.16586209999997],[106.71624970000016,-6.166002899999967],[106.71606620000006,-6.166187699999966],[106.71578640000018,-6.166372899999942],[106.7157208000001,-6.166401799999846],[106.71549050000004,-6.16653639999987],[106.71548820000004,-6.166537699999878],[106.71548190000004,-6.166541399999915],[106.71532550000006,-6.166631499999937],[106.71527020000013,-6.166672799999958],[106.715104,-6.166760999999894],[106.71492160000008,-6.166853],[106.71490870000008,-6.166860099999951],[106.71478980000018,-6.166925499999934],[106.71471940000004,-6.16697419999997],[106.71468000000016,-6.16699],[106.71463830000005,-6.167030199999886],[106.71457910000015,-6.167087299999878],[106.71450410000017,-6.167125099999907],[106.7144893000002,-6.167132599999832],[106.71438219999999,-6.167201799999873],[106.71434650000009,-6.167224899999894],[106.71424010000015,-6.167300799999964],[106.71408040000011,-6.167372399999863],[106.7139119000002,-6.167457499999955],[106.71376579999998,-6.167613599999925],[106.71366870000014,-6.167746299999976],[106.71363180000009,-6.167781699999978],[106.7136278000001,-6.167785599999945],[106.71361610000002,-6.167796899999814],[106.71359130000013,-6.167820699999936],[106.71352230000008,-6.16787219999992],[106.71348750000004,-6.168116899999916],[106.7134258000001,-6.168268299999909],[106.7134367000001,-6.168420799999922],[106.71341850000005,-6.168538399999875],[106.71340820000006,-6.168605399999933],[106.71340090000018,-6.168652499999894],[106.71336780000013,-6.168814299999951],[106.71335770000013,-6.168863199999919],[106.71327120000012,-6.169196799999895],[106.71323280000013,-6.169278199999894],[106.71312180000018,-6.169514199999981],[106.71309770000016,-6.169570399999827],[106.71303060000008,-6.169753899999932],[106.71286350000014,-6.170235399999967],[106.71279640000006,-6.170428899999877],[106.71279620000007,-6.170428799999968],[106.7125845000001,-6.171006099999943],[106.71250510000016,-6.171171799999968],[106.71245390000018,-6.171278499999914],[106.71243260000017,-6.171314],[106.71228990000009,-6.171473299999889],[106.71220010000013,-6.171567499999867],[106.71218360000017,-6.171584799999948],[106.71217920000015,-6.171585999999877],[106.71204920000008,-6.171621],[106.71185040000012,-6.171666399999879],[106.71170380000007,-6.171709699999894],[106.71160650000002,-6.171728899999891],[106.71152610000013,-6.171843499999966],[106.71145160000003,-6.171949499999926],[106.71132790000007,-6.172125599999958],[106.71122840000004,-6.172291799999925],[106.71104680000008,-6.172528599999964],[106.71096080000007,-6.172662299999956],[106.71089520000015,-6.172764199999961],[106.7108375000002,-6.172853899999893],[106.71073290000004,-6.173047199999928],[106.7106575000002,-6.173242],[106.71065470000013,-6.17324919999993],[106.71061350000014,-6.173604],[106.71062590000008,-6.173691399999939],[106.71065610000011,-6.173904099999845],[106.71066270000011,-6.17394999999982],[106.710561,-6.174031099999979],[106.7100981000001,-6.174204699999848],[106.71001940000019,-6.174231299999917],[106.70985160000015,-6.174287799999945],[106.70910000000015,-6.17449],[106.70909419999998,-6.174489599999959],[106.70874970000011,-6.17458269999986],[106.70861460000009,-6.174607099999832],[106.708528,-6.174602599999901],[106.70847470000007,-6.174599899999862],[106.70847060000011,-6.174599299999898],[106.70815690000006,-6.174552999999889],[106.70776690000014,-6.174464199999932],[106.70747290000014,-6.174387199999956],[106.707455,-6.174429199999963],[106.7072836000001,-6.174394799999959],[106.7071837000002,-6.174374699999873],[106.70716110000012,-6.174370199999942],[106.70706950000016,-6.174364599999933],[106.70687930000008,-6.174353099999962],[106.70668610000007,-6.174308799999949],[106.70668160000002,-6.174019499999872],[106.70664960000005,-6.174014799999952],[106.70655000000016,-6.174],[106.7063798000001,-6.173857799999894],[106.70612770000002,-6.174004],[106.70599570000013,-6.174023299999931],[106.7059005000001,-6.174100099999976],[106.70575570000017,-6.174216699999931],[106.70566040000011,-6.174260799999956],[106.70555040000005,-6.174287299999946],[106.70543540000011,-6.174429899999893],[106.70529370000014,-6.174572699999828],[106.7052159000001,-6.174672799999939],[106.70521170000012,-6.174676399999953],[106.70505410000004,-6.174759299999891],[106.70498150000009,-6.174782],[106.70482340000012,-6.17477869999982],[106.70473440000006,-6.174752299999966],[106.70470460000007,-6.174780499999883],[106.70466360000006,-6.174819199999888],[106.70459930000004,-6.17482769999998],[106.70452590000019,-6.174837499999967],[106.70434820000008,-6.174842499999954],[106.70417450000008,-6.17470069999996],[106.70404920000004,-6.174774399999819],[106.70381390000011,-6.174868199999935],[106.70374840000017,-6.174840399999937],[106.70371100000011,-6.174824499999943],[106.70353970000014,-6.174876199999972],[106.70348009999998,-6.174853599999892],[106.70338850000007,-6.174818899999934],[106.70327290000012,-6.174801399999922],[106.7031831000001,-6.174649099999954],[106.70291860000009,-6.174838699999896],[106.70283290000009,-6.174901399999953],[106.70278480000019,-6.174936499999887],[106.70277160000018,-6.174946199999908],[106.70265920000014,-6.175028399999974],[106.70250650000008,-6.175110499999903],[106.70227120000015,-6.175315],[106.70224720000016,-6.175335899999936],[106.70198780000015,-6.175535699999841],[106.70188710000019,-6.175611199999935],[106.70178940000011,-6.175684399999966],[106.70151470000008,-6.17589449999997],[106.70146460000007,-6.175933099999952],[106.7013418000002,-6.176027699999963],[106.70103670000015,-6.176299099999937],[106.70068570000007,-6.176540099999897],[106.7004810000002,-6.176718699999924],[106.70021310000004,-6.177069799999913],[106.70024890000019,-6.177080199999978],[106.70042010000014,-6.177168999999878],[106.70042440000014,-6.177171199999975],[106.70096610000019,-6.177458799999954],[106.70135520000002,-6.177548399999921],[106.70252250000016,-6.177996599999972],[106.70343040000017,-6.178420099999926],[106.70488760000012,-6.179064299999936],[106.70515460000018,-6.179230699999948],[106.7056047000001,-6.179436199999884],[106.70601670000008,-6.179685599999914],[106.70636769999999,-6.179903499999909],[106.70653080000017,-6.18001739999994],[106.70654190000005,-6.180025099999966],[106.70655080000006,-6.180031299999939],[106.70682550000004,-6.180213],[106.70724510000014,-6.180376099999933],[106.7075579000001,-6.180539599999975],[106.70803090000015,-6.180812399999979],[106.70854970000005,-6.181121399999881],[106.70888540000016,-6.181275399999834],[106.70916580000005,-6.181387099999938],[106.7091703000001,-6.181389],[106.71009090000007,-6.181755999999893],[106.71086910000014,-6.182339699999943],[106.71145650000005,-6.182837499999948],[106.7121203000001,-6.183382],[106.71274590000019,-6.18385029999996],[106.71331040000013,-6.184294199999954],[106.7141878000001,-6.184969],[106.71495840000006,-6.185517799999843],[106.71706410000007,-6.186706999999899],[106.71708700000016,-6.187035099999889],[106.71715570000015,-6.187099],[106.71724720000009,-6.187182499999892],[106.71726250000012,-6.187397],[106.7173006000001,-6.187664999999868],[106.71733880000005,-6.187977799999885],[106.71732190000006,-6.188088499999935],[106.71730820000016,-6.188178599999901],[106.7172396000002,-6.188386499999979],[106.717148,-6.18844509999991],[106.71703360000004,-6.188551399999938],[106.71696630000014,-6.188687499999901],[106.7169649,-6.18869019999994],[106.7169649,-6.188848],[106.71693440000013,-6.189027299999964],[106.71687470000018,-6.189082699999915],[106.71684290000002,-6.189112199999954],[106.71683580000018,-6.189114599999925],[106.71674260000009,-6.189146799999889],[106.71665210000009,-6.189178],[106.71667500000018,-6.189446],[106.71648430000005,-6.189827899999955],[106.71648370000014,-6.189828899999952],[106.71668,-6.18977],[106.7166888000001,-6.189763199999902],[106.71681000000018,-6.18967],[106.71690000000012,-6.189499999999896],[106.71697,-6.18942],[106.7171100000001,-6.18923],[106.71722000000017,-6.18909],[106.71734000000015,-6.1888],[106.71740000000011,-6.18853],[106.71745,-6.18832],[106.71751000000017,-6.188239999999837],[106.7177700000002,-6.18803],[106.7179000000001,-6.18784],[106.71801000000016,-6.18778],[106.71813000000014,-6.18777],[106.7187,-6.187789999999893],[106.71888000000018,-6.18776],[106.71902,-6.18773],[106.7191600000001,-6.18765],[106.71942000000013,-6.18749],[106.71975,-6.187339999999892],[106.72011,-6.18719],[106.72044000000011,-6.187089999999898],[106.7209000000002,-6.18684],[106.72104,-6.18688],[106.72118,-6.186999999999898],[106.72131000000019,-6.18707],[106.72139,-6.18704],[106.72153,-6.1869],[106.72158000000013,-6.18681],[106.72165,-6.18677],[106.72185,-6.18668],[106.72219000000013,-6.18656],[106.72227,-6.186459999999897],[106.72233000000017,-6.186289999999872],[106.72241,-6.185989999999833],[106.72244,-6.185869999999852],[106.72254000000015,-6.18574],[106.7227,-6.18561],[106.72280000000018,-6.18559],[106.72315,-6.18562999999989],[106.72329,-6.18565],[106.72355,-6.185699999999883],[106.72377000000012,-6.18571],[106.72389,-6.1858],[106.72403000000014,-6.18586],[106.7241,-6.18582],[106.72423,-6.18564],[106.72437,-6.18535],[106.72439,-6.18518],[106.72435000000019,-6.185079999999857],[106.72423,-6.184959999999876],[106.72409000000016,-6.1849],[106.72387,-6.184869999999876],[106.7237600000002,-6.18485],[106.72346,-6.18481],[106.72315,-6.18472],[106.72306,-6.18464],[106.72298000000012,-6.18452],[106.72298000000012,-6.18439],[106.72303,-6.18422],[106.72316000000012,-6.184],[106.72323,-6.18382],[106.72333000000015,-6.18364],[106.7234,-6.18364],[106.72355,-6.183699999999874],[106.72396,-6.18388],[106.72406000000018,-6.183869999999843],[106.72415000000012,-6.183859999999811],[106.72425,-6.1838],[106.72432,-6.18369],[106.72437,-6.18352],[106.72432,-6.18331],[106.7242700000001,-6.183199999999829],[106.72409000000016,-6.182949999999835],[106.72406000000018,-6.18264],[106.72415000000012,-6.18256],[106.7242700000001,-6.18252],[106.7244,-6.18245],[106.72463,-6.18235],[106.72487,-6.18222],[106.72488000000016,-6.18213],[106.7248400000002,-6.18198],[106.72472,-6.181799999999896],[106.72446000000019,-6.18144],[106.72441000000015,-6.181249999999864],[106.7244500000001,-6.1811],[106.72455000000019,-6.18096],[106.72466,-6.18087],[106.72478,-6.180819999999812],[106.72488000000016,-6.18087],[106.72506700000014,-6.180994099999907],[106.72510530000011,-6.181019499999877],[106.72513330000015,-6.181000699999913],[106.72519,-6.18103],[106.72526000000016,-6.18099],[106.72536,-6.180829999999844],[106.72555510000007,-6.180580299999974],[106.72561000000013,-6.18051],[106.7258100000002,-6.18024],[106.7258100000002,-6.180089999999893],[106.72578,-6.179999999999893],[106.72573810000011,-6.179902799999866],[106.725678,-6.179783599999951],[106.72557850000004,-6.179764],[106.7255042000001,-6.179780999999821],[106.7254196,-6.17980039999992],[106.72531220000019,-6.179816699999947],[106.7252595000001,-6.179807799999821],[106.72527,-6.179749999999899],[106.72537000000017,-6.17957],[106.72545,-6.1794],[106.7257200000002,-6.17874],[106.72588000000013,-6.178539999999884],[106.72595,-6.17851],[106.72602000000012,-6.17855],[106.72616640000018,-6.178696399999978],[106.72621,-6.17874],[106.72635,-6.17882],[106.72660000000019,-6.17891],[106.72679000000011,-6.17891],[106.72694,-6.17885],[106.72699000000011,-6.178759999999897],[106.727,-6.178629999999885],[106.72696000000013,-6.17844],[106.72688,-6.1783],[106.72680810000014,-6.178239099999871],[106.72677060000007,-6.178191799999979],[106.72670920000013,-6.178123],[106.72664290000017,-6.178048899999965],[106.72656,-6.17793],[106.72660000000019,-6.1777],[106.72673,-6.17743],[106.72685,-6.17736],[106.72693530000004,-6.17736],[106.72695000000016,-6.17736],[106.72710000000018,-6.17743],[106.72717630000005,-6.177480799999842],[106.72723,-6.177569299999959],[106.72729850000007,-6.177608199999895],[106.72731370000008,-6.177616799999896],[106.72739730000006,-6.177628499999969],[106.72740060000018,-6.177626199999963],[106.72747,-6.177669999999864],[106.72757000000013,-6.17763],[106.72762000000017,-6.177539999999851],[106.72769000000011,-6.17734],[106.7277,-6.17715],[106.7277,-6.17674],[106.72778000000011,-6.17662],[106.72792020000014,-6.176518799999826],[106.72796,-6.17649],[106.72814,-6.17636],[106.7283900000001,-6.17619],[106.72848870000013,-6.176116],[106.72851,-6.1761],[106.72859000000017,-6.176039999999887],[106.72871000000015,-6.175959999999861],[106.72897000000017,-6.17576],[106.72907,-6.1758],[106.72933000000012,-6.17592],[106.72943,-6.175879999999893],[106.72955000000019,-6.1758],[106.72959000000014,-6.17571],[106.72957,-6.175589999999886],[106.72950000000014,-6.17551],[106.72938000000016,-6.17545],[106.72909000000016,-6.175289999999848],[106.7291,-6.17523],[106.72916,-6.17516],[106.72926000000018,-6.175119999999879],[106.72942,-6.17511],[106.72964000000019,-6.17515],[106.72981,-6.17524],[106.7299,-6.17535],[106.73003000000011,-6.1756],[106.73011000000014,-6.17569],[106.73024,-6.17574],[106.73047,-6.17586],[106.73058000000015,-6.17598],[106.73069,-6.17607],[106.73083,-6.176089999999874],[106.73093000000017,-6.176039999999887],[106.7310100000002,-6.17595],[106.7310100000002,-6.17585],[106.73096000000015,-6.1756],[106.73087000000015,-6.17538],[106.73076,-6.17511],[106.73079000000013,-6.17503],[106.7309200000002,-6.17494],[106.73112,-6.17486],[106.73148,-6.17469],[106.73185,-6.17444],[106.73192000000017,-6.1743],[106.73192000000017,-6.17416],[106.73186,-6.17414],[106.73148,-6.174039999999877],[106.73146000000014,-6.17394],[106.73148,-6.17385],[106.73156,-6.173829999999839],[106.7317000000001,-6.17378],[106.73176,-6.17369],[106.73182,-6.17343],[106.73183000000017,-6.17335],[106.73191,-6.17291],[106.73207000000014,-6.17273],[106.73217,-6.17269],[106.7322700000002,-6.17272],[106.73239000000018,-6.17273],[106.73246,-6.172749999999894],[106.73255,-6.17269],[106.7326000000001,-6.17259],[106.73268000000019,-6.17244],[106.73277000000013,-6.172249999999849],[106.73286000000013,-6.172209999999893],[106.7330600000002,-6.17211],[106.73321000000016,-6.171959999999899],[106.73328,-6.17178],[106.7333500000002,-6.17162],[106.73342000000014,-6.17153],[106.73349,-6.17152],[106.73363,-6.171539999999879],[106.7340500000002,-6.17172],[106.7342500000002,-6.17177],[106.7343400000002,-6.17174],[106.73439,-6.17166],[106.73439,-6.17157],[106.73435000000012,-6.17133],[106.7344300000002,-6.17126],[106.73453000000012,-6.17121],[106.73472,-6.17112],[106.73507,-6.170909999999822],[106.73511000000013,-6.170969999999897],[106.73511000000013,-6.17105],[106.73512000000011,-6.17118],[106.73518,-6.17123],[106.73527,-6.171219999999892],[106.73544,-6.17114],[106.73569,-6.170969999999897],[106.73571,-6.17089],[106.73566000000017,-6.17077],[106.73556,-6.170679999999891],[106.73544,-6.17054],[106.73540000000014,-6.17041],[106.73541000000012,-6.170299999999884],[106.73548,-6.17015],[106.7356,-6.16998],[106.73571,-6.169919999999877],[106.7358,-6.16995999999989],[106.73594,-6.170119999999827],[106.73607000000015,-6.17026],[106.73622000000017,-6.17033],[106.73641,-6.170339999999896],[106.73654000000016,-6.17029],[106.73679,-6.170169999999871],[106.7371800000002,-6.17002],[106.73750000000018,-6.169889999999896],[106.73762000000016,-6.16991],[106.73777000000013,-6.16999],[106.73781,-6.17007],[106.73779000000019,-6.17022],[106.73779000000019,-6.17045],[106.73785,-6.17054],[106.73800000000017,-6.17065],[106.73809000000017,-6.17066],[106.73820000000018,-6.17063],[106.73825,-6.170549999999878],[106.73833000000013,-6.17032],[106.73833000000013,-6.17019],[106.73829000000018,-6.17003],[106.73820000000018,-6.1699],[106.7380800000002,-6.169829999999877],[106.73775,-6.169669999999883],[106.73773,-6.169579999999826],[106.73773,-6.169339999999863],[106.73781,-6.16899],[106.73791000000017,-6.16876],[106.73800000000017,-6.1687],[106.73812000000015,-6.1687],[106.73828,-6.168749999999875],[106.73845000000011,-6.168879999999888],[106.73857,-6.169039999999882],[106.73857,-6.16914],[106.73853000000014,-6.16975],[106.7386,-6.16979],[106.73871000000014,-6.16979],[106.7388,-6.169759999999883],[106.73893,-6.16964],[106.73897000000011,-6.16952],[106.73900000000015,-6.16925],[106.73904,-6.1688],[106.73912000000013,-6.16874],[106.73924000000011,-6.16874],[106.73937000000018,-6.1687],[106.7394,-6.16864],[106.73935000000012,-6.168429999999887],[106.73927,-6.16819],[106.7393400000002,-6.16803],[106.73942,-6.16795],[106.73951,-6.16792],[106.73957,-6.16795999999988],[106.7396,-6.16802],[106.73959,-6.16813],[106.7396,-6.16822],[106.73966000000019,-6.168249999999887],[106.73972,-6.168209999999874],[106.73997,-6.16802],[106.74002000000013,-6.16808],[106.7400300000001,-6.16816],[106.74004000000019,-6.168499999999881],[106.74013000000019,-6.16858],[106.74027,-6.16864],[106.74035,-6.16862],[106.74041000000011,-6.16857],[106.74046000000016,-6.16841],[106.74048,-6.16819],[106.74043000000012,-6.16815],[106.74034000000017,-6.16795999999988],[106.74031000000014,-6.167839999999899],[106.74035,-6.167709999999886],[106.74044,-6.16757],[106.74053,-6.16754],[106.74061000000012,-6.16757],[106.74084000000016,-6.16768],[106.74113000000017,-6.167749999999842],[106.74119000000013,-6.16782],[106.74119000000013,-6.167929999999899],[106.7412100000002,-6.16806],[106.74129,-6.1681],[106.7413900000002,-6.168119999999817],[106.7415900000002,-6.168089999999893],[106.7416800000002,-6.167999999999836],[106.74175000000014,-6.16789],[106.74175000000014,-6.16769],[106.7417200000001,-6.167549999999892],[106.74167,-6.167389999999898],[106.74173,-6.167299999999898],[106.74250000000018,-6.16656],[106.74259000000018,-6.16649],[106.74274000000014,-6.16646],[106.74288000000018,-6.16649],[106.7431,-6.16655],[106.74333000000013,-6.166539999999827],[106.74377,-6.16649],[106.74379000000016,-6.16636],[106.74385000000012,-6.16602],[106.74395,-6.16595],[106.74405000000019,-6.16597],[106.74409,-6.16604],[106.74408000000017,-6.16615],[106.74408000000017,-6.16636],[106.7441500000001,-6.16653],[106.74436,-6.16669],[106.74453000000011,-6.1667],[106.74462,-6.16664],[106.74492,-6.16639],[106.74502000000012,-6.16643],[106.74524,-6.16651],[106.74540000000013,-6.166499999999871],[106.74552000000011,-6.16644],[106.74566000000016,-6.16631],[106.74568,-6.166219999999896],[106.74565,-6.166089999999883],[106.74561000000011,-6.1659],[106.74565,-6.16578],[106.74573,-6.165679999999895],[106.7458000000002,-6.16567],[106.7458900000002,-6.16573],[106.74607000000015,-6.165929999999889],[106.74622000000011,-6.166089999999883],[106.74637000000013,-6.16603],[106.74654000000015,-6.16595999999987],[106.74669000000011,-6.16588],[106.74672,-6.16582],[106.7467,-6.16573],[106.74658,-6.165589999999895],[106.74648000000013,-6.16549],[106.74645000000015,-6.1654],[106.74644,-6.16534],[106.74645000000015,-6.16525],[106.74646,-6.16519],[106.74651000000011,-6.16511],[106.74660000000011,-6.16504],[106.7466800000002,-6.16502],[106.74675,-6.16502],[106.74682,-6.16506],[106.74688,-6.16519],[106.74694,-6.165329999999869],[106.74700000000018,-6.165379999999857],[106.74707000000012,-6.165389999999888],[106.74726,-6.16534],[106.7474,-6.16529],[106.74748000000011,-6.165299999999888],[106.74754,-6.16534],[106.74782000000016,-6.16553],[106.74815000000012,-6.165709999999876],[106.7483600000001,-6.165749999999832],[106.74857,-6.16577],[106.7487500000002,-6.1657],[106.74877,-6.16557],[106.74873000000014,-6.16524],[106.74867000000017,-6.16494],[106.74856000000011,-6.16458],[106.74847000000011,-6.1642],[106.7483600000001,-6.16374],[106.7481,-6.16272],[106.74803000000014,-6.16245999999984],[106.74796,-6.16214],[106.74783000000014,-6.1616],[106.7477600000002,-6.161249999999825],[106.74764,-6.16083],[106.74759000000017,-6.160579999999811],[106.74757000000011,-6.160299999999893],[106.74754,-6.16006],[106.74753000000015,-6.15989],[106.74756000000014,-6.159669999999835],[106.74757000000011,-6.1594],[106.74761,-6.1591],[106.7476700000002,-6.15865],[106.74770000000018,-6.15822],[106.74773,-6.15804],[106.74785000000014,-6.157969999999864],[106.75,-6.157919999999876],[106.75141000000019,-6.158009999999877],[106.7529600000002,-6.157959999999832],[106.75341000000014,-6.158009999999877],[106.75420000000014,-6.15813],[106.75440000000015,-6.15816999999987],[106.7548,-6.158259999999871],[106.7556100000001,-6.15842],[106.75576,-6.15845],[106.75590000000011,-6.15848],[106.75615000000016,-6.15853],[106.75653000000017,-6.15861],[106.7570800000002,-6.15872],[106.75752,-6.15882],[106.75795,-6.1589],[106.75919000000016,-6.15916],[106.75926620000007,-6.159172699999885],[106.75928110000007,-6.159148899999877],[106.75932370000004,-6.159081],[106.75934230000018,-6.159051399999896],[106.75940730000019,-6.158955899999967],[106.75948050000005,-6.158848299999875],[106.75948880000004,-6.158835999999837],[106.75955680000015,-6.15880269999991],[106.75966000000017,-6.158752099999901],[106.75975330000006,-6.158706399999971],[106.75980490000006,-6.158704],[106.76004080000007,-6.158693299999925],[106.76015310000008,-6.158688199999972],[106.76024310000008,-6.158669199999963],[106.7602816000001,-6.158661],[106.76039140000012,-6.158637799999951],[106.76047970000013,-6.158619099999896],[106.76055520000017,-6.158603199999959],[106.7605779000001,-6.158598299999881],[106.76063390000007,-6.158591899999976],[106.76066160000005,-6.158588599999973],[106.76068429999998,-6.158586],[106.76068310000005,-6.158554799999933],[106.76068310000005,-6.158554699999911],[106.76065940000007,-6.158544999999833],[106.76068220000019,-6.158531799999878],[106.76068070000008,-6.158492799999863],[106.7607275000002,-6.158378599999935],[106.76073790000015,-6.158351699999912],[106.76105850000005,-6.158444699999961],[106.76126740000012,-6.158626399999889],[106.76133420000014,-6.158684599999901],[106.76140320000013,-6.158705099999906],[106.76211460000002,-6.158781],[106.76243030000006,-6.158814599999914],[106.76263660000006,-6.158812599999919],[106.7629495,-6.158784099999878],[106.76305080000003,-6.158774899999912],[106.7631290000001,-6.158767799999964],[106.7636603000002,-6.158857299999909],[106.76368220000006,-6.158861099999967],[106.7641119000001,-6.159021599999903],[106.7642099000002,-6.159058199999947],[106.76437990000005,-6.159146899999882],[106.76472050000018,-6.159324599999934],[106.76502350000004,-6.159522399999958],[106.76523990000015,-6.159616799999981],[106.765273,-6.159630899999968],[106.7655407000002,-6.159744699999976],[106.76562240000004,-6.159766699999921],[106.76583990000006,-6.159825299999966],[106.7660152000002,-6.159857399999964],[106.76610280000017,-6.159873399999981],[106.76622970000017,-6.159896599999911],[106.76661460000003,-6.159923599999956],[106.76685000000015,-6.15981],[106.7668900000001,-6.15974],[106.76693,-6.15968],[106.7669800000001,-6.159599999999898],[106.76701,-6.15953],[106.76705,-6.15948],[106.76709000000011,-6.15939],[106.76713,-6.15932],[106.76716,-6.15923],[106.76720000000017,-6.15914],[106.76722,-6.15907],[106.76725,-6.15899],[106.7672800000002,-6.15887],[106.76732000000015,-6.15879],[106.76733,-6.158709999999871],[106.7673700000002,-6.15861],[106.76739,-6.15853],[106.76742,-6.15847],[106.76745,-6.15838],[106.76748,-6.15828],[106.7675,-6.15822],[106.76753000000014,-6.15813],[106.76757,-6.158049999999889],[106.76762,-6.157959999999832],[106.76765000000012,-6.157889999999895],[106.76769000000019,-6.15783],[106.76776000000012,-6.15771999999987],[106.7678,-6.15762999999987],[106.76783,-6.15758],[106.76787000000019,-6.157509999999888],[106.76792,-6.15744],[106.76796000000019,-6.15737],[106.76799000000017,-6.15732],[106.76803,-6.15725],[106.7681,-6.15716],[106.76815,-6.15708],[106.76820000000015,-6.15701],[106.76824,-6.15692],[106.76827,-6.15687],[106.76831000000016,-6.156809999999894],[106.76834000000014,-6.156749999999818],[106.76838,-6.156679999999881],[106.76842,-6.1566],[106.76847,-6.156509999999855],[106.76852000000014,-6.15642],[106.76857000000018,-6.15632],[106.76862,-6.15622],[106.76868,-6.15612],[106.76874,-6.156019999999899],[106.76879,-6.15592],[106.76884000000013,-6.15583],[106.76889,-6.15574],[106.76893000000013,-6.15566],[106.76897,-6.155589999999847],[106.76901,-6.15552],[106.7690500000001,-6.15545],[106.76909,-6.15536],[106.76916000000017,-6.155259999999885],[106.7692,-6.15518],[106.76925000000011,-6.15511],[106.7693,-6.15503],[106.76934000000011,-6.154969999999878],[106.76938,-6.15491],[106.7694200000002,-6.15484],[106.76947,-6.15477],[106.76952000000011,-6.15469],[106.76957000000016,-6.1546],[106.76963000000012,-6.154499999999814],[106.76969000000014,-6.15442],[106.76976,-6.15432],[106.76982,-6.15421],[106.76988,-6.15412],[106.76995000000016,-6.154019999999889],[106.77001000000013,-6.15391],[106.77007000000015,-6.15381],[106.77013000000011,-6.1537],[106.77019000000013,-6.1536],[106.77025,-6.1535],[106.77031000000011,-6.153389999999888],[106.77038,-6.15329],[106.77043,-6.15319],[106.77048000000013,-6.15309],[106.77053000000018,-6.15299],[106.77058,-6.1529],[106.77063,-6.152799999999843],[106.77068000000014,-6.15271],[106.77073000000019,-6.15261],[106.77078,-6.15253],[106.7708300000001,-6.152439999999899],[106.77088,-6.152349999999899],[106.77093,-6.15227],[106.77099,-6.15217],[106.77104,-6.15208],[106.77111000000019,-6.15199],[106.77115000000015,-6.151879999999835],[106.77122,-6.15178],[106.77128,-6.15166],[106.77135000000015,-6.15154],[106.77142,-6.15141],[106.7714900000002,-6.15128],[106.77157,-6.15115],[106.77164000000016,-6.15102],[106.77172,-6.15088999999989],[106.77179000000018,-6.150759999999877],[106.77186,-6.15063],[106.77194000000014,-6.1505],[106.7720000000001,-6.15039],[106.77208000000019,-6.15025],[106.77215000000012,-6.15012],[106.77222,-6.14999],[106.7723,-6.14987],[106.7723700000002,-6.14973],[106.77245,-6.1496],[106.77253,-6.14946],[106.77261000000016,-6.14932],[106.77269000000018,-6.149179999999888],[106.77277,-6.14904],[106.77284000000014,-6.1489],[106.77293000000014,-6.148759999999868],[106.77301,-6.14862],[106.77309,-6.148479999999893],[106.77316000000019,-6.14834],[106.77323000000013,-6.1482],[106.7733,-6.14807],[106.77337000000017,-6.147939999999892],[106.77344,-6.14782],[106.77349000000015,-6.147689999999898],[106.77355000000011,-6.14757],[106.77361000000013,-6.14745],[106.77366000000018,-6.147339999999872],[106.77371,-6.14724],[106.77377000000018,-6.147139999999865],[106.77382,-6.14704],[106.77386000000018,-6.146929999999884],[106.77392,-6.14685],[106.77397,-6.14675],[106.77402000000012,-6.14666],[106.77407000000017,-6.14657],[106.77413000000013,-6.14649],[106.77418,-6.1464],[106.77424000000019,-6.14632],[106.77429,-6.14624],[106.77434000000011,-6.14616],[106.77439000000015,-6.14608],[106.7744400000002,-6.146009999999876],[106.77449,-6.14594],[106.7745300000002,-6.14587],[106.77458,-6.145809999999869],[106.7746200000002,-6.14575],[106.77466,-6.145689999999888],[106.7747,-6.14564],[106.77475,-6.14559],[106.77478,-6.14552],[106.77484,-6.14545],[106.7749,-6.14539],[106.77497,-6.14533],[106.77502,-6.14528],[106.77508780000016,-6.145231599999875],[106.77508560000018,-6.145231699999954],[106.77506620000014,-6.144933999999864],[106.7751449000001,-6.144614399999966],[106.77524080000006,-6.144355799999971],[106.77526340000014,-6.144294699999875],[106.77531549999998,-6.143975299999852],[106.77533910000017,-6.143714099999897],[106.7753437,-6.143566799999974],[106.77534820000005,-6.14341979999989],[106.77532530000008,-6.142911],[106.77531730000015,-6.142648299999905],[106.77531040000014,-6.142418799999916],[106.77535910000006,-6.142107799999962],[106.77536250000014,-6.142086],[106.77550440000016,-6.141901099999927],[106.7755281000002,-6.141840499999944],[106.77545950000018,-6.141716499999916],[106.77521430000013,-6.141597599999955],[106.7750475000002,-6.141516699999897],[106.7748873000001,-6.14141369999993],[106.77475,-6.141342699999882],[106.77468120000009,-6.141347399999916],[106.77394260000011,-6.141398299999878],[106.77385730000015,-6.14140419999984],[106.77310960000011,-6.141472799999917],[106.77279680000015,-6.141485199999977],[106.7727434000002,-6.141485699999919],[106.77265190000008,-6.141469],[106.7724917000001,-6.141431399999931],[106.77218650000009,-6.141383699999892],[106.7721254,-6.141376499999922],[106.77172110000015,-6.141302099999905],[106.77124040000018,-6.141210099999853],[106.7710497,-6.141177699999901],[106.77095810000009,-6.141177199999959],[106.77079030000004,-6.141139999999893],[106.77074450000015,-6.141128599999945],[106.77069110000019,-6.141110899999887],[106.77030960000008,-6.141050899999925],[106.770241,-6.141043199999899],[106.76989770000006,-6.140994099999944],[106.76916520000003,-6.140878699999973],[106.7690661000002,-6.140872],[106.768738,-6.14079809999987],[106.76837940000007,-6.140710399999875],[106.76822680000004,-6.14068989999987],[106.76821260000008,-6.14068409999993],[106.7680132000001,-6.140603599999963],[106.76699850000017,-6.140264999999886],[106.76667810000015,-6.140163],[106.76615160000011,-6.13997459999996],[106.76612110000008,-6.13996509999987],[106.7657091000001,-6.139815399999918],[106.76545730000004,-6.139735299999927],[106.76483170000012,-6.139498699999933],[106.76404590000016,-6.139219299999979],[106.76375600000011,-6.139132499999903],[106.7637331000002,-6.139125399999955],[106.76330590000003,-6.138971399999889],[106.763077,-6.13888269999984],[106.7626574000002,-6.138759199999924],[106.76196310000012,-6.138523099999929],[106.76181050000008,-6.138471599999946],[106.76107050000013,-6.138212199999941],[106.76072710000017,-6.138096399999881],[106.76020070000015,-6.13791139999995],[106.7600252000002,-6.137868399999945],[106.75917840000011,-6.137577099999817],[106.75864430000013,-6.137401099999977],[106.75843070000008,-6.137324399999954],[106.75790430000018,-6.137140799999941],[106.756943,-6.136803699999973],[106.75654620000012,-6.136663],[106.7561495000001,-6.136526599999854],[106.7558977000001,-6.136469399999896],[106.75451680000003,-6.135906699999964],[106.75446340000008,-6.135883799999931],[106.75389880000006,-6.13564109999993],[106.7537844000002,-6.135590599999944],[106.7530520000002,-6.135282099999927],[106.75289170000008,-6.135187199999962],[106.75283830000006,-6.135155199999872],[106.75268570000009,-6.135067499999934],[106.75268210000013,-6.135065399999917],[106.75255240000007,-6.134992899999872],[106.75254080000013,-6.134986399999946],[106.75247980000006,-6.134947299999908],[106.75240580000019,-6.134905899999978],[106.75233430000014,-6.134872499999858],[106.75232010000019,-6.134865899999909],[106.7522410000002,-6.134826599999883],[106.751877,-6.134721299999967],[106.75142690000018,-6.134583499999906],[106.75139740000003,-6.134578499999975],[106.75123620000005,-6.134551099999896],[106.7508547000001,-6.134427099999868],[106.75069010000016,-6.134334],[106.75067550000017,-6.134329499999978],[106.7502676000002,-6.134111399999938],[106.75018090000009,-6.134065],[106.74980970000013,-6.133828599999902],[106.74979810000008,-6.133819099999926],[106.74948600000016,-6.13356349999998],[106.74931010000017,-6.133388599999932],[106.74917160000007,-6.133250899999894],[106.7489626000002,-6.132960799999978],[106.74887870000003,-6.132899799999961],[106.74856590000007,-6.132729599999834],[106.74845170000003,-6.132646699999896],[106.7483675000002,-6.132585599999913],[106.7483292,-6.132551199999909],[106.74811480000005,-6.132398899999828],[106.74810220000006,-6.132387699999981],[106.74767670000006,-6.132010699999967],[106.74721020000015,-6.131660499999839],[106.7470324000002,-6.131552199999931],[106.74691790000014,-6.131503099999975],[106.74671190000015,-6.131407299999921],[106.74649830000004,-6.131265199999973],[106.74575060000018,-6.130718199999933],[106.74565140000016,-6.130644799999914],[106.74515550000018,-6.130283399999939],[106.74486560000014,-6.130092599999955],[106.7447588,-6.130022099999906],[106.74419420000004,-6.12964489999996],[106.74413320000014,-6.129606199999955],[106.74385090000004,-6.129463699999974],[106.7430651000002,-6.129120799999953],[106.74221890000018,-6.128715399999976],[106.74171470000005,-6.128473799999938],[106.74160390000009,-6.12842749999993],[106.7414925000001,-6.128381],[106.74148740000004,-6.128378299999952],[106.74144,-6.128358399999911],[106.7414095000002,-6.128347899999937],[106.74137900000017,-6.12833449999988],[106.74110430000013,-6.128195299999902],[106.7407763,-6.12804559999995],[106.74003620000008,-6.127696499999956],[106.73989620000003,-6.127617499999872],[106.73911420000019,-6.127176099999872],[106.73862110000005,-6.126897699999915],[106.73861720000008,-6.126895499999932],[106.73847220000016,-6.126796299999967],[106.73828830000002,-6.126668899999913],[106.73777200000012,-6.126311399999906],[106.7376611000002,-6.126234499999953],[106.73756800000012,-6.126170099999968],[106.7375261000002,-6.126141099999927],[106.73740470000013,-6.126052499999901],[106.73717520000014,-6.125884999999812],[106.73696920000015,-6.125725299999942],[106.73661820000007,-6.125457799999879],[106.73632830000003,-6.125252299999943],[106.73628250000019,-6.125215499999911],[106.73604990000013,-6.125034],[106.7358596000002,-6.124911099999963],[106.73562090000013,-6.124729099999911],[106.73557400000016,-6.124693399999899],[106.73508850000013,-6.1243146999999],[106.73457440000004,-6.12391719999988]]]}},{"type":"Feature","properties":{"adm3_name":"Grogol Petamburan","adm3_name1":null,"adm3_name2":null,"adm3_name3":null,"adm3_pcode":"ID3174040","adm2_name":"Kota Jakarta Barat","adm2_name1":null,"adm2_name2":null,"adm2_name3":null,"adm2_pcode":"ID3174","adm1_name":"Dki Jakarta","adm1_name1":null,"adm1_name2":null,"adm1_name3":null,"adm1_pcode":"ID31","adm0_name":"Indonesia","adm0_name1":null,"adm0_name2":null,"adm0_name3":null,"adm0_pcode":"ID","valid_on":"2020-04-01","valid_to":null,"area_sqkm":10.82528112,"version":"v01","lang":"en","lang1":null,"lang2":null,"lang3":null,"adm3_ref_name":"Grogol Petamburan","center_lat":-6.163915,"center_lon":106.78781002},"geometry":{"type":"Polygon","coordinates":[[[106.799538,-6.164719199999979],[106.79944630000017,-6.164553699999942],[106.79925559999998,-6.164158399999963],[106.79904959999999,-6.163724499999944],[106.79881310000013,-6.163112199999887],[106.79878910000014,-6.163036499999919],[106.79859940000006,-6.162437499999953],[106.79841629999999,-6.161994499999935],[106.79814930000015,-6.161384599999963],[106.79815130000009,-6.161383799999953],[106.79815000000019,-6.161379999999895],[106.79794,-6.16078],[106.79766000000012,-6.160139999999899],[106.79752,-6.159789999999816],[106.79735,-6.15944],[106.79705000000013,-6.158799999999871],[106.79695,-6.15857],[106.79672000000016,-6.15799],[106.79641,-6.157169999999837],[106.79611000000017,-6.15649],[106.7959100000001,-6.15603],[106.79559000000012,-6.155259999999885],[106.79553,-6.155129999999872],[106.79517000000016,-6.15429],[106.79489000000012,-6.15361],[106.79451000000012,-6.15266],[106.79429,-6.15208],[106.79426000000018,-6.15202],[106.79413000000011,-6.151719999999898],[106.7937500000001,-6.15111],[106.7932400000002,-6.15025],[106.79289000000017,-6.149589999999876],[106.79266000000013,-6.149179999999888],[106.7921600000002,-6.14821],[106.79165,-6.147219999999891],[106.79132,-6.14656],[106.79078,-6.14553],[106.7901100000002,-6.14431],[106.7896300000001,-6.14332],[106.78941,-6.14287999999982],[106.78917030000008,-6.142500499999926],[106.7889635000002,-6.142589599999951],[106.78854450000017,-6.142831699999931],[106.78852860000006,-6.142840899999953],[106.78815480000009,-6.14302929999991],[106.78805850000009,-6.143102399999918],[106.78800980000017,-6.143139399999882],[106.78785730000016,-6.143217599999957],[106.7875479000001,-6.143228099999931],[106.78733850000003,-6.143235299999901],[106.78623220000014,-6.143332499999872],[106.78549980000014,-6.143381599999941],[106.78466050000014,-6.143478399999935],[106.7839357000002,-6.143543299999976],[106.78381290000016,-6.143549],[106.78321860000005,-6.143576699999926],[106.7824404000001,-6.143641999999886],[106.78190630000017,-6.143706399999871],[106.78159350000004,-6.143722599999819],[106.7811281000001,-6.143771199999946],[106.78062010000014,-6.14381289999983],[106.780617,-6.143813199999954],[106.780533,-6.14381979999996],[106.78031530000015,-6.143836],[106.77964800000018,-6.143885699999885],[106.77924370000011,-6.143933799999957],[106.7786723000001,-6.143960799999888],[106.77855700000015,-6.143966199999966],[106.7780764000002,-6.143967699999848],[106.77793220000012,-6.143987099999947],[106.7776568000001,-6.144024399999921],[106.77710740000009,-6.14410879999997],[106.77688620000009,-6.144178399999873],[106.77645130000019,-6.144455499999879],[106.77604700000012,-6.144691],[106.77565020000014,-6.144940399999939],[106.77525350000019,-6.145217499999944],[106.77524530000005,-6.145218099999909],[106.77508780000016,-6.145231599999875],[106.77502,-6.14528],[106.77497,-6.14533],[106.7749,-6.14539],[106.77484,-6.14545],[106.77478,-6.14552],[106.77475,-6.14559],[106.7747,-6.14564],[106.77466,-6.145689999999888],[106.7746200000002,-6.14575],[106.77458,-6.145809999999869],[106.7745300000002,-6.14587],[106.77449,-6.14594],[106.7744400000002,-6.146009999999876],[106.77439000000015,-6.14608],[106.77434000000011,-6.14616],[106.77429,-6.14624],[106.77424000000019,-6.14632],[106.77418,-6.1464],[106.77413000000013,-6.14649],[106.77407000000017,-6.14657],[106.77402000000012,-6.14666],[106.77397,-6.14675],[106.77392,-6.14685],[106.77386000000018,-6.146929999999884],[106.77382,-6.14704],[106.77377000000018,-6.147139999999865],[106.77371,-6.14724],[106.77366000000018,-6.147339999999872],[106.77361000000013,-6.14745],[106.77355000000011,-6.14757],[106.77349000000015,-6.147689999999898],[106.77344,-6.14782],[106.77337000000017,-6.147939999999892],[106.7733,-6.14807],[106.77323000000013,-6.1482],[106.77316000000019,-6.14834],[106.77309,-6.148479999999893],[106.77301,-6.14862],[106.77293000000014,-6.148759999999868],[106.77284000000014,-6.1489],[106.77277,-6.14904],[106.77269000000018,-6.149179999999888],[106.77261000000016,-6.14932],[106.77253,-6.14946],[106.77245,-6.1496],[106.7723700000002,-6.14973],[106.7723,-6.14987],[106.77222,-6.14999],[106.77215000000012,-6.15012],[106.77208000000019,-6.15025],[106.7720000000001,-6.15039],[106.77194000000014,-6.1505],[106.77186,-6.15063],[106.77179000000018,-6.150759999999877],[106.77172,-6.15088999999989],[106.77164000000016,-6.15102],[106.77157,-6.15115],[106.7714900000002,-6.15128],[106.77142,-6.15141],[106.77135000000015,-6.15154],[106.77128,-6.15166],[106.77122,-6.15178],[106.77115000000015,-6.151879999999835],[106.77111000000019,-6.15199],[106.77104,-6.15208],[106.77099,-6.15217],[106.77093,-6.15227],[106.77088,-6.152349999999899],[106.7708300000001,-6.152439999999899],[106.77078,-6.15253],[106.77073000000019,-6.15261],[106.77068000000014,-6.15271],[106.77063,-6.152799999999843],[106.77058,-6.1529],[106.77053000000018,-6.15299],[106.77048000000013,-6.15309],[106.77043,-6.15319],[106.77038,-6.15329],[106.77031000000011,-6.153389999999888],[106.77025,-6.1535],[106.77019000000013,-6.1536],[106.77013000000011,-6.1537],[106.77007000000015,-6.15381],[106.77001000000013,-6.15391],[106.76995000000016,-6.154019999999889],[106.76988,-6.15412],[106.76982,-6.15421],[106.76976,-6.15432],[106.76969000000014,-6.15442],[106.76963000000012,-6.154499999999814],[106.76957000000016,-6.1546],[106.76952000000011,-6.15469],[106.76947,-6.15477],[106.7694200000002,-6.15484],[106.76938,-6.15491],[106.76934000000011,-6.154969999999878],[106.7693,-6.15503],[106.76925000000011,-6.15511],[106.7692,-6.15518],[106.76916000000017,-6.155259999999885],[106.76909,-6.15536],[106.7690500000001,-6.15545],[106.76901,-6.15552],[106.76897,-6.155589999999847],[106.76893000000013,-6.15566],[106.76889,-6.15574],[106.76884000000013,-6.15583],[106.76879,-6.15592],[106.76874,-6.156019999999899],[106.76868,-6.15612],[106.76862,-6.15622],[106.76857000000018,-6.15632],[106.76852000000014,-6.15642],[106.76847,-6.156509999999855],[106.76842,-6.1566],[106.76838,-6.156679999999881],[106.76834000000014,-6.156749999999818],[106.76831000000016,-6.156809999999894],[106.76827,-6.15687],[106.76824,-6.15692],[106.76820000000015,-6.15701],[106.76815,-6.15708],[106.7681,-6.15716],[106.76803,-6.15725],[106.76799000000017,-6.15732],[106.76796000000019,-6.15737],[106.76792,-6.15744],[106.76787000000019,-6.157509999999888],[106.76783,-6.15758],[106.7678,-6.15762999999987],[106.76776000000012,-6.15771999999987],[106.76769000000019,-6.15783],[106.76765000000012,-6.157889999999895],[106.76774,-6.15798],[106.76783,-6.158049999999889],[106.7679700000001,-6.15813],[106.76831000000016,-6.15835],[106.76871,-6.158749999999827],[106.7688,-6.15895],[106.76898000000017,-6.15933],[106.76907000000017,-6.15962],[106.76913000000013,-6.15983],[106.76957000000016,-6.16091],[106.76966000000016,-6.16107],[106.7698,-6.161179999999888],[106.76989000000015,-6.16126],[106.77063,-6.16165],[106.77144000000015,-6.16193],[106.77229000000011,-6.16225],[106.77236,-6.16227],[106.77323000000013,-6.162639999999897],[106.77381000000014,-6.16288],[106.77402000000012,-6.162959999999885],[106.77511,-6.163369999999816],[106.77564,-6.16357],[106.77587,-6.16367],[106.77614000000017,-6.16379],[106.77682000000016,-6.164039999999829],[106.77706000000012,-6.164129999999886],[106.77719000000019,-6.164219999999887],[106.77725,-6.16425],[106.77756000000011,-6.16436],[106.77767000000011,-6.16439],[106.77776000000011,-6.164419999999893],[106.77821,-6.16461],[106.7788,-6.16486],[106.77894,-6.164879999999869],[106.77923,-6.164959999999837],[106.77941,-6.16502],[106.77951000000013,-6.165],[106.77989000000014,-6.16498],[106.78014,-6.16497],[106.78017,-6.1651],[106.78026,-6.16557],[106.78029,-6.16592],[106.78028,-6.16602],[106.78028,-6.16608],[106.78021000000012,-6.16611],[106.78012000000018,-6.166129999999896],[106.78005,-6.16615],[106.77999,-6.166179999999883],[106.77993,-6.16621],[106.77985000000018,-6.166249999999877],[106.77976,-6.16631],[106.77967,-6.16637],[106.77960000000013,-6.166419999999846],[106.7795300000002,-6.16652],[106.77951000000013,-6.16662],[106.77952,-6.1667],[106.77952,-6.16678],[106.7795300000002,-6.166879999999878],[106.77954000000011,-6.166969999999878],[106.77954000000011,-6.167039999999872],[106.77954000000011,-6.1671],[106.77954000000011,-6.16716],[106.77954000000011,-6.16724],[106.77954000000011,-6.16731],[106.77954000000011,-6.167389999999898],[106.77954000000011,-6.167459999999892],[106.77956000000017,-6.167549999999892],[106.77956000000017,-6.167639999999892],[106.77956000000017,-6.16773],[106.77957000000015,-6.16782],[106.77957000000015,-6.1679],[106.77957000000015,-6.167999999999836],[106.77958,-6.1681],[106.77958,-6.16819],[106.77958,-6.168299999999874],[106.77959,-6.16841],[106.77959,-6.16851],[106.77959,-6.16862],[106.77959,-6.168719999999894],[106.77960000000013,-6.16883],[106.77960000000013,-6.16894],[106.77960000000013,-6.169039999999882],[106.77960000000013,-6.16914],[106.77961,-6.16924],[106.77961,-6.169329999999832],[106.77961,-6.169419999999889],[106.77961,-6.1695],[106.77961,-6.16959],[106.77961,-6.16966],[106.7796200000002,-6.16977],[106.7796200000002,-6.16986],[106.7796200000002,-6.16995],[106.7796200000002,-6.170009999999877],[106.7796200000002,-6.170079999999871],[106.7796200000002,-6.17015],[106.7796200000002,-6.17022],[106.7796200000002,-6.17031],[106.7796200000002,-6.17041],[106.7796200000002,-6.17052],[106.7796200000002,-6.170619999999872],[106.7796200000002,-6.17069],[106.77963000000011,-6.17076],[106.77963000000011,-6.170839999999885],[106.77963000000011,-6.170909999999822],[106.77963000000011,-6.17099],[106.77963000000011,-6.17107],[106.77963000000011,-6.17115],[106.77963000000011,-6.171219999999892],[106.77963000000011,-6.1713],[106.77964,-6.171379999999886],[106.77964,-6.171459999999854],[106.77964,-6.17153],[106.77964,-6.17161],[106.77964,-6.171699999999817],[106.77964,-6.17177],[106.77965000000017,-6.17186],[106.77965000000017,-6.17195],[106.77965000000017,-6.17204],[106.77965000000017,-6.17212],[106.77965000000017,-6.17223],[106.77966,-6.17232],[106.77966,-6.17241],[106.77966,-6.17252],[106.77966,-6.17261],[106.77967,-6.1727],[106.77967,-6.17278],[106.77967,-6.172869999999875],[106.77967,-6.17295],[106.77967,-6.17302],[106.77967,-6.173089999999888],[106.77968000000016,-6.173159999999825],[106.77968000000016,-6.17322],[106.77968000000016,-6.17332],[106.77968000000016,-6.173409999999819],[106.77968000000016,-6.17349],[106.77968000000016,-6.17356],[106.77968000000016,-6.173629999999889],[106.77968000000016,-6.1737],[106.77968000000016,-6.17381],[106.77968000000016,-6.1739],[106.77968000000016,-6.17397],[106.77968000000016,-6.174039999999877],[106.77968000000016,-6.1741],[106.77968000000016,-6.17416],[106.77968000000016,-6.17424],[106.77968000000016,-6.1743],[106.77968000000016,-6.174379999999871],[106.77968000000016,-6.17448],[106.77968000000016,-6.174579999999878],[106.77968000000016,-6.17465],[106.7797,-6.174739999999815],[106.7797,-6.174829999999872],[106.7797,-6.174919999999872],[106.7797,-6.17502],[106.7797,-6.17513],[106.7797,-6.17523],[106.7797,-6.175339999999892],[106.7797,-6.17545],[106.7797,-6.17556],[106.7797,-6.175659999999823],[106.77971000000014,-6.17576],[106.77971000000014,-6.17587],[106.77971000000014,-6.17598],[106.77971000000014,-6.176079999999843],[106.77971000000014,-6.17617],[106.77971000000014,-6.17627],[106.77972000000011,-6.17637],[106.77972000000011,-6.17646],[106.77972000000011,-6.17655],[106.77972000000011,-6.17665],[106.77972000000011,-6.17674],[106.77972000000011,-6.176829999999882],[106.7797300000002,-6.176919999999882],[106.7797300000002,-6.17701],[106.7797300000002,-6.1771],[106.7797300000002,-6.17719],[106.7797300000002,-6.17728],[106.7797300000002,-6.17736],[106.7797300000002,-6.177459999999883],[106.77974000000017,-6.17756],[106.77974000000017,-6.17765],[106.77974000000017,-6.177749999999889],[106.77974000000017,-6.17783999999989],[106.77974000000017,-6.17794],[106.77974000000017,-6.178039999999896],[106.77974000000017,-6.178129999999896],[106.77974000000017,-6.17823],[106.77974000000017,-6.178329999999846],[106.77975,-6.17843],[106.77975,-6.178539999999884],[106.77975,-6.17862],[106.77975,-6.17872],[106.77975,-6.1788],[106.77975,-6.17889],[106.77975,-6.17896],[106.77975,-6.179039999999873],[106.77975,-6.17911],[106.77975,-6.17918],[106.77976,-6.179249999999854],[106.77976,-6.17932],[106.77976,-6.17939],[106.77976,-6.179459999999892],[106.77976,-6.17953],[106.77976,-6.1796],[106.77976,-6.17966],[106.77976,-6.17973],[106.77976,-6.17982],[106.77976,-6.179919999999868],[106.77976,-6.17998],[106.77977000000016,-6.18007],[106.77978,-6.18017],[106.77981000000011,-6.18026],[106.77986000000016,-6.18036],[106.77989000000014,-6.18042],[106.77992000000012,-6.18048],[106.77994000000018,-6.180539999999894],[106.77997000000016,-6.1806],[106.7800000000002,-6.18067],[106.78004,-6.18074],[106.78007,-6.18081],[106.78010000000012,-6.180879999999888],[106.78014,-6.18094],[106.78017,-6.180999999999869],[106.78021000000012,-6.181079999999895],[106.78024000000016,-6.18114],[106.78028,-6.18121],[106.78031,-6.18127],[106.78034,-6.181329999999889],[106.78037,-6.181379999999876],[106.78041000000019,-6.18147],[106.78045,-6.18153999999987],[106.78049,-6.181619999999839],[106.78053000000017,-6.18169],[106.78056000000015,-6.18176],[106.7806100000002,-6.181829999999877],[106.78064000000018,-6.18191],[106.78068000000013,-6.18197],[106.78073000000018,-6.18204999999989],[106.78078,-6.18214],[106.78082000000018,-6.18222],[106.78087,-6.1823],[106.78091000000018,-6.18238],[106.78095,-6.18245],[106.7809900000002,-6.18255],[106.78104,-6.18265],[106.78109000000012,-6.18273],[106.78113,-6.18282],[106.78117000000015,-6.18289],[106.78122,-6.18297],[106.78125,-6.18303],[106.7813000000001,-6.1831],[106.78134,-6.18318],[106.7813900000001,-6.18326],[106.78145,-6.18336],[106.78148,-6.18341],[106.78152000000017,-6.18348],[106.78156000000013,-6.18355],[106.7816,-6.183619999999848],[106.78164000000015,-6.18369],[106.78168000000011,-6.18376],[106.78172,-6.183829999999887],[106.78175,-6.1839],[106.7818,-6.18398],[106.78183,-6.18405],[106.7818700000002,-6.18413],[106.78191,-6.1842],[106.78196000000014,-6.18428],[106.782,-6.18435],[106.78205000000014,-6.18443],[106.78208000000012,-6.18451],[106.78213,-6.18457],[106.78216,-6.18464],[106.78222000000017,-6.18472],[106.78227,-6.18479],[106.78232,-6.184869999999876],[106.78237000000018,-6.18495],[106.78242,-6.18501],[106.78245,-6.18507],[106.78251,-6.18515],[106.78254,-6.18522],[106.78263,-6.18543],[106.78285000000011,-6.18539],[106.78301000000016,-6.18536],[106.7832,-6.18531999999982],[106.78332,-6.185289999999895],[106.78341,-6.18528],[106.78446,-6.18517],[106.78509000000014,-6.18515],[106.78558,-6.18515],[106.78738,-6.18511],[106.78810000000016,-6.185079999999857],[106.78862,-6.18502999999987],[106.78909000000016,-6.18492],[106.7901,-6.18459],[106.79078,-6.184329999999875],[106.79103,-6.18422],[106.79135000000014,-6.18406],[106.79191,-6.18377],[106.79209,-6.18369],[106.79223,-6.18353],[106.79279,-6.18286],[106.79291,-6.182709999999872],[106.793,-6.182589999999891],[106.79314,-6.18244],[106.7932,-6.18239],[106.79325000000011,-6.182339999999897],[106.79331000000013,-6.18231],[106.79334000000011,-6.18224],[106.79349,-6.18201],[106.79402,-6.18121],[106.79417,-6.180999999999869],[106.79426000000018,-6.18087],[106.79452790000016,-6.180496599999969],[106.79459000000014,-6.180409999999881],[106.79484,-6.18017],[106.79512000000011,-6.17994],[106.79518000000013,-6.17989],[106.79532000000017,-6.17982],[106.79544000000016,-6.179749999999899],[106.79558000000014,-6.17966],[106.79563730000012,-6.17963589999988],[106.79569970000011,-6.179609599999935],[106.79596000000015,-6.1795],[106.79602090000003,-6.179469599999891],[106.79605230000016,-6.179453899999942],[106.79608000000013,-6.17944],[106.79611990000006,-6.179422899999963],[106.79615339999998,-6.179408499999909],[106.79643000000016,-6.17929],[106.79672000000016,-6.17915],[106.79693000000015,-6.17902],[106.7969639000001,-6.179003099999932],[106.79711,-6.17893],[106.79723610000008,-6.178861199999915],[106.79738860000009,-6.178778],[106.79744,-6.17875],[106.79759750000011,-6.178674499999943],[106.79792000000015,-6.17852],[106.7984,-6.17823],[106.79892000000012,-6.17789],[106.79987,-6.17719],[106.80039,-6.176829999999882],[106.80081000000018,-6.17657],[106.80102000000016,-6.17643],[106.80144,-6.1761],[106.80193000000014,-6.17573],[106.80216000000013,-6.17557],[106.80230000000017,-6.17545],[106.8024,-6.17536],[106.80254000000014,-6.17527],[106.80310000000014,-6.174959999999885],[106.80338000000017,-6.17485],[106.80399,-6.174509999999884],[106.80466,-6.17406],[106.80518,-6.1737],[106.80526000000015,-6.17365999999987],[106.80536,-6.17357],[106.80547000000013,-6.17349],[106.80547100000018,-6.173489299999972],[106.80516840000018,-6.173049999999876],[106.80485550000009,-6.172565],[106.80455040000004,-6.172106299999939],[106.80422230000005,-6.171660499999916],[106.80399340000014,-6.171311399999979],[106.80378740000015,-6.171032899999943],[106.80332970000012,-6.170346299999892],[106.80303210000017,-6.169908099999873],[106.80258960000015,-6.169301099999927],[106.80209370000017,-6.168584899999928],[106.80152910000015,-6.167769],[106.80118579999998,-6.167291199999966],[106.80094930000018,-6.166949799999884],[106.80078140000012,-6.166732799999977],[106.8005373000002,-6.166325099999881],[106.8003088000001,-6.16599],[106.80030840000006,-6.16598949999991],[106.80027030000014,-6.1659302999999],[106.80004900000012,-6.165573199999926],[106.79972860000004,-6.165063399999951],[106.799538,-6.164719199999979]]]}},{"type":"Feature","properties":{"adm3_name":"Kalideres","adm3_name1":null,"adm3_name2":null,"adm3_name3":null,"adm3_pcode":"ID3174080","adm2_name":"Kota Jakarta Barat","adm2_name1":null,"adm2_name2":null,"adm2_name3":null,"adm2_pcode":"ID3174","adm1_name":"Dki Jakarta","adm1_name1":null,"adm1_name2":null,"adm1_name3":null,"adm1_pcode":"ID31","adm0_name":"Indonesia","adm0_name1":null,"adm0_name2":null,"adm0_name3":null,"adm0_pcode":"ID","valid_on":"2020-04-01","valid_to":null,"area_sqkm":28.25774174,"version":"v01","lang":"en","lang1":null,"lang2":null,"lang3":null,"adm3_ref_name":"Kali Deres","center_lat":-6.1360789,"center_lon":106.70411421},"geometry":{"type":"Polygon","coordinates":[[[106.70503370000012,-6.095595599999911],[106.7048875000001,-6.09543769999982],[106.70486370000009,-6.095192599999962],[106.7047661000002,-6.095179899999891],[106.7041018000001,-6.095236799999896],[106.70414760000017,-6.095348899999919],[106.70420090000016,-6.095606299999929],[106.70423150000016,-6.095739799999933],[106.70427720000004,-6.095937299999946],[106.70420860000007,-6.095958199999814],[106.70330070000006,-6.09626529999997],[106.7029166000001,-6.096468099999981],[106.7025530000002,-6.096660099999951],[106.70214860000016,-6.09676079999997],[106.70184350000011,-6.096583899999871],[106.7016369000001,-6.096431299999949],[106.7014772,-6.096313499999894],[106.70133900000013,-6.096252099999958],[106.70124570000007,-6.096255399999961],[106.7012455000002,-6.096258299999931],[106.70115220000014,-6.096292799999958],[106.70065760000006,-6.096408799999949],[106.70036480000016,-6.096483599999942],[106.70028720000016,-6.09650339999996],[106.6999603000001,-6.096567899999968],[106.69991990000011,-6.096423599999923],[106.69988930000011,-6.09631319999994],[106.69983850000017,-6.09612959999987],[106.69982020000003,-6.095853399999953],[106.69982660000005,-6.095993699999894],[106.69920350000018,-6.096213499999976],[106.69895720000005,-6.096294599999908],[106.69860050000005,-6.096364599999959],[106.69852970000005,-6.096375099999932],[106.69852490000017,-6.096408299999837],[106.69843970000005,-6.096429199999875],[106.69833210000019,-6.096462],[106.69821710000008,-6.096523],[106.6980281000001,-6.096547],[106.6979691000002,-6.096519099999966],[106.69740370000011,-6.096581899999876],[106.69741210000012,-6.096386399999972],[106.697495,-6.096286199999952],[106.697495,-6.096286099999929],[106.69712690000011,-6.096271399999978],[106.6971427000002,-6.096139199999868],[106.6969279,-6.096060699999953],[106.69685140000007,-6.096223799999848],[106.69662360000007,-6.096256099999948],[106.69655160000013,-6.095994699999892],[106.69642610000005,-6.095950099999925],[106.69620530000009,-6.095879799999977],[106.695765,-6.095740099999887],[106.69566440000011,-6.095992499999966],[106.69511030000007,-6.095814799999914],[106.6947271000002,-6.095717599999887],[106.6942299000001,-6.09558119999997],[106.69418380000019,-6.09576329999993],[106.69359930000013,-6.095677],[106.69294430000008,-6.095642199999929],[106.69196760000011,-6.095673899999895],[106.69177960000019,-6.095744199999956],[106.69135180000012,-6.095774499999891],[106.69121210000014,-6.096132799999964],[106.69121000000013,-6.096139499999879],[106.69115640000012,-6.096309899999937],[106.6911547000002,-6.09631539999998],[106.69115360000006,-6.096314699999823],[106.69112110000009,-6.096368399999903],[106.69066290000018,-6.096531799999923],[106.69040710000013,-6.096612399999913],[106.69038920000008,-6.096494299999847],[106.6889692000002,-6.096771899999965],[106.68840640000013,-6.096871799999974],[106.68799590000015,-6.096879299999898],[106.68725800000016,-6.097111499999926],[106.68723460000018,-6.097131],[106.68723570000009,-6.097140699999954],[106.68727890000014,-6.097505099999978],[106.68759940000018,-6.098361],[106.68775970000013,-6.098813699999823],[106.68789690000011,-6.099201199999925],[106.68801140000016,-6.099656599999946],[106.68805710000004,-6.100196899999958],[106.68799610000013,-6.100707599999851],[106.68800610000005,-6.100728199999935],[106.68814110000005,-6.101006499999869],[106.68811060000019,-6.101603499999896],[106.68807240000007,-6.102489499999933],[106.688019,-6.103350599999942],[106.68804950000009,-6.103526099999897],[106.68807060000006,-6.10369449999996],[106.68808720000004,-6.103827899999828],[106.6880943000001,-6.103884699999981],[106.68814520000006,-6.103901599999972],[106.68837940000003,-6.104001299999879],[106.68871380000019,-6.104300699999953],[106.68888110000017,-6.1046],[106.68864690000015,-6.105231899999978],[106.68847970000019,-6.105597799999885],[106.68847760000017,-6.105608],[106.68849200000011,-6.105648],[106.688526,-6.105731199999923],[106.68856070000015,-6.105816399999867],[106.6888201000001,-6.10616349999998],[106.6889574000001,-6.10636229999983],[106.68909480000008,-6.106485399999883],[106.68915470000007,-6.106499899999847],[106.68928130000006,-6.106530399999883],[106.68994730000009,-6.106691299999966],[106.6908953000002,-6.106920199999877],[106.69203970000007,-6.106938799999909],[106.6926653000001,-6.106928799999878],[106.69304680000005,-6.106998],[106.69340250000016,-6.107069699999897],[106.69342060000008,-6.107073299999968],[106.69368330000015,-6.10719249999994],[106.69368760000015,-6.107194399999912],[106.69406910000009,-6.107483399999865],[106.69486260000019,-6.108072699999923],[106.6949549000002,-6.10814819999996],[106.6950277000002,-6.108207699999923],[106.69545000000011,-6.108552899999893],[106.69592310000019,-6.108984999999848],[106.69667840000017,-6.109801299999958],[106.6972887,-6.110356299999978],[106.69763200000017,-6.110645799999929],[106.69788000000011,-6.11089],[106.69788380000006,-6.110893699999963],[106.69746420000018,-6.11163659999994],[106.69694540000006,-6.112516899999946],[106.69678520000014,-6.112646599999948],[106.69640370000019,-6.11287689999989],[106.69616720000016,-6.112948899999822],[106.6959383000002,-6.112969399999827],[106.69555680000008,-6.112940299999821],[106.69513719999998,-6.112886899999921],[106.69429040000011,-6.112913099999957],[106.69428070000004,-6.112915499999872],[106.69355790000009,-6.113092399999971],[106.6935402000002,-6.113097699999969],[106.69328330000008,-6.113173499999903],[106.69206290000017,-6.113453399999969],[106.69162010000014,-6.113555],[106.69106310000006,-6.113698999999883],[106.68973560000018,-6.114029399999936],[106.6890185000002,-6.114240699999925],[106.68907190000016,-6.11447759999993],[106.68909480000008,-6.114866699999936],[106.6891176000002,-6.115555799999868],[106.68914820000009,-6.116111699999919],[106.68921680000005,-6.117902299999969],[106.68918630000019,-6.118118299999878],[106.68913290000006,-6.118281399999944],[106.68951440000018,-6.118768699999976],[106.68964410000007,-6.119131099999834],[106.68972300000019,-6.119649799999934],[106.689728,-6.119682299999965],[106.68974330000009,-6.119907799999964],[106.68973690000013,-6.12019069999991],[106.68972040000017,-6.120932099999891],[106.68971390000019,-6.120999499999868],[106.6897014,-6.121129899999914],[106.68969750000002,-6.121171],[106.68961640000009,-6.121453],[106.6896135,-6.121462799999847],[106.68949910000015,-6.121582],[106.68938310000016,-6.121734399999923],[106.68936940000009,-6.121752199999889],[106.6893313000001,-6.121821399999931],[106.68917110000018,-6.122121799999945],[106.68892780000016,-6.12255279999988],[106.68885060000014,-6.12268969999991],[106.68870210000011,-6.123008199999902],[106.6886980000001,-6.123016799999903],[106.68862940000014,-6.12315609999996],[106.68826520000005,-6.123888],[106.68823260000016,-6.123953399999948],[106.68806480000012,-6.124286699999971],[106.68801050000008,-6.124500299999909],[106.68797320000004,-6.124647099999947],[106.68797250000011,-6.124649699999907],[106.68787410000016,-6.125],[106.68786640000008,-6.125048599999957],[106.68747730000018,-6.126788199999851],[106.68727130000019,-6.127723199999934],[106.68708820000018,-6.128545299999928],[106.68708060000006,-6.128622099999973],[106.68724080000015,-6.128701199999966],[106.6872332000001,-6.128770799999927],[106.68724080000015,-6.12884],[106.6872484000001,-6.128922],[106.68725610000018,-6.12921949999992],[106.6873095000002,-6.129597199999921],[106.68742390000006,-6.129814599999975],[106.68757650000003,-6.129978199999925],[106.68801140000016,-6.130209899999898],[106.68820210000013,-6.130314399999918],[106.68844630000007,-6.130638599999941],[106.68858360000007,-6.130881799999884],[106.68880480000007,-6.131427299999928],[106.68920920000016,-6.132228399999917],[106.68926260000012,-6.132311799999968],[106.68928550000004,-6.132355699999891],[106.689377,-6.13250869999996],[106.68949910000015,-6.132628899999929],[106.6900255,-6.132844899999952],[106.69038410000019,-6.133098099999927],[106.69055960000014,-6.133208299999922],[106.6908953000002,-6.133296499999915],[106.69136070000019,-6.133431399999893],[106.69139880000012,-6.133455799999979],[106.6913759000002,-6.133857699999908],[106.69134540000016,-6.13412139999997],[106.69126910000006,-6.134676],[106.69126910000006,-6.134728899999971],[106.69125390000005,-6.134892899999954],[106.69145220000013,-6.135390799999925],[106.69156670000018,-6.135690199999942],[106.69165820000012,-6.136000199999899],[106.69170400000013,-6.136499899999933],[106.69167350000009,-6.136760699999968],[106.691559,-6.137053],[106.69133780000004,-6.137353899999823],[106.69126910000006,-6.137454499999876],[106.69123860000019,-6.137577099999817],[106.69126770000014,-6.137657899999908],[106.69126910000006,-6.137661899999898],[106.69126150000011,-6.137696299999902],[106.69096390000004,-6.13810159999997],[106.69062060000005,-6.13857129999991],[106.68956780000013,-6.140026599999885],[106.68891930000012,-6.140861],[106.68836230000005,-6.14164489999996],[106.68729420000017,-6.142696399999977],[106.6862108000002,-6.14306449999998],[106.68621110000004,-6.14307279999997],[106.68621160000009,-6.143086399999845],[106.68621600000012,-6.143222299999877],[106.68623370000017,-6.143760199999974],[106.68628710000013,-6.144160699999929],[106.68629940000011,-6.144246099999975],[106.68630259999998,-6.144268799999963],[106.68630550000006,-6.144268799999963],[106.68633060000019,-6.144318699999928],[106.68641420000017,-6.144518199999936],[106.686456,-6.144726099999957],[106.68652290000011,-6.145067],[106.68664000000018,-6.145582499999875],[106.68675710000014,-6.146339099999921],[106.6868825000002,-6.147062399999925],[106.68702470000005,-6.147453199999916],[106.68740930000007,-6.147569599999883],[106.68741480000017,-6.14757179999998],[106.68741770000008,-6.147577899999931],[106.68746790000012,-6.147636099999943],[106.68747740000003,-6.14765819999991],[106.68744990000005,-6.147676899999965],[106.68745440000009,-6.147678399999904],[106.68746210000018,-6.147720799999945],[106.68746970000012,-6.14789339999993],[106.68748850000009,-6.148293199999955],[106.68751800000018,-6.148367699999937],[106.68758490000005,-6.149174199999948],[106.68763510000014,-6.149989],[106.68765180000008,-6.150180199999966],[106.6875823000002,-6.150226299999872],[106.68759180000006,-6.150406399999952],[106.687607,-6.150728699999945],[106.68761460000019,-6.150865099999976],[106.68767570000011,-6.152526399999942],[106.68770620000015,-6.152917399999978],[106.68770620000015,-6.153253999999833],[106.68753830000009,-6.15382429999994],[106.687437,-6.154089099999908],[106.68743490000008,-6.154094599999951],[106.68745110000015,-6.154112799999837],[106.68757660000006,-6.154171],[106.68792780000018,-6.154345599999829],[106.6879197,-6.154487],[106.6879111,-6.154636599999833],[106.68792780000018,-6.154852799999958],[106.68785580000008,-6.154848699999889],[106.68787760000009,-6.154852799999958],[106.687978,-6.155842099999916],[106.688003,-6.156848099999934],[106.68803650000012,-6.157804299999896],[106.68804490000008,-6.158286499999917],[106.6880783000002,-6.158760399999892],[106.68801660000008,-6.158755299999825],[106.6880783000002,-6.158893399999954],[106.68808670000016,-6.15941719999995],[106.68811180000012,-6.15984949999995],[106.68810340000016,-6.159974199999965],[106.68810270000006,-6.159980499999961],[106.68822200000017,-6.159971199999973],[106.68830130000015,-6.159964999999886],[106.68852260000017,-6.159948399999962],[106.68865230000006,-6.159953099999882],[106.6887591000002,-6.159947399999965],[106.6889422000001,-6.159936],[106.68908710000017,-6.159946399999967],[106.68936940000009,-6.159977399999946],[106.68962120000015,-6.16000889999998],[106.68968390000015,-6.160018499999978],[106.6897585000001,-6.160029899999927],[106.68990350000001,-6.1600403999999],[106.68997210000003,-6.16003319999993],[106.68997210000003,-6.160063199999968],[106.68997210000003,-6.160064],[106.68997210000003,-6.16009669999994],[106.6899569000002,-6.160272099999929],[106.6899569000002,-6.16031739999994],[106.68974330000009,-6.16096309999989],[106.68959060000009,-6.161262],[106.6894609000002,-6.161430399999915],[106.68934650000011,-6.161588199999926],[106.68924730000009,-6.16173549999985],[106.68905660000013,-6.163116],[106.6890185000002,-6.163363499999889],[106.6890185000002,-6.163652399999933],[106.68908710000017,-6.164047699999912],[106.68915580000015,-6.164316699999972],[106.68917870000013,-6.164542199999971],[106.68917870000013,-6.164590799999928],[106.68914260000014,-6.164646399999981],[106.68900320000017,-6.164860699999963],[106.68897270000014,-6.164912199999947],[106.68897270000014,-6.165237899999909],[106.68909480000008,-6.165782899999954],[106.68914760000018,-6.165898699999957],[106.68917060000012,-6.165949199999943],[106.689377,-6.166401899999926],[106.68944570000019,-6.166637399999956],[106.68942280000005,-6.167057],[106.68930080000007,-6.167533399999968],[106.68907950000005,-6.168129399999884],[106.688965,-6.168548099999953],[106.68879720000018,-6.169085999999879],[106.68876670000014,-6.169720199999972],[106.68874380000017,-6.17044739999983],[106.68873620000011,-6.171247999999878],[106.68882770000005,-6.172126799999944],[106.68931890000016,-6.172928799999966],[106.68932310000014,-6.17293549999988],[106.68944570000019,-6.173135799999955],[106.68965930000007,-6.173191099999826],[106.69020860000006,-6.173311699999942],[106.69042780000007,-6.173346599999888],[106.69047260000008,-6.173353799999973],[106.6905291000001,-6.173362799999893],[106.69084950000013,-6.173426599999857],[106.6908953000002,-6.173430499999824],[106.69091050000003,-6.173467199999948],[106.69098680000013,-6.173499099999901],[106.69113180000005,-6.17350289999996],[106.69131490000012,-6.173514399999931],[106.69155140000015,-6.173600199999896],[106.691765,-6.173685599999885],[106.6919481000001,-6.17375519999996],[106.69212360000006,-6.173732299999926],[106.69216940000013,-6.173734699999955],[106.69224570000006,-6.173738],[106.69268060000013,-6.173770399999967],[106.69271110000017,-6.173749899999962],[106.692795,-6.173686499999974],[106.69287890000004,-6.173653599999966],[106.69315980000016,-6.173674499999947],[106.69316120000013,-6.17367459999997],[106.69351220000004,-6.173670299999969],[106.69366480000019,-6.173729399999957],[106.69389360000014,-6.173816699999975],[106.69421410000018,-6.173939199999893],[106.69431330000003,-6.173985],[106.694359,-6.174085599999955],[106.69438950000011,-6.174164799999915],[106.69455740000018,-6.174446599999953],[106.69464130000017,-6.174538099999893],[106.6947024000001,-6.174607699999967],[106.6947595000002,-6.174675199999967],[106.69476340000017,-6.174679699999956],[106.69481680000013,-6.174745099999882],[106.69484730000016,-6.174754599999972],[106.69490460000014,-6.174765099999945],[106.69493890000012,-6.174771299999918],[106.6950915000001,-6.174797999999896],[106.6951525,-6.174811399999953],[106.69519110000005,-6.174813499999857],[106.69545770000008,-6.1748280999999],[106.69548520000018,-6.174836199999959],[106.69572470000014,-6.17490719999995],[106.69599630000005,-6.175000999999895],[106.69636560000004,-6.175128499999971],[106.69637980000016,-6.175133399999936],[106.69661730000007,-6.17521569999991],[106.6967165000001,-6.175195699999961],[106.69687670000002,-6.175205199999937],[106.69692370000018,-6.175212599999838],[106.69699880000019,-6.175224299999911],[106.69710560000016,-6.175251999999887],[106.69729640000014,-6.175300099999959],[106.69729080000019,-6.175312799999972],[106.69712850000008,-6.175681099999963],[106.69702170000016,-6.17593],[106.6969301000002,-6.176149399999815],[106.69701410000005,-6.176219499999945],[106.69750230000011,-6.176331999999888],[106.69785330000019,-6.176446899999917],[106.6986849000001,-6.176607099999956],[106.69924190000017,-6.176788299999828],[106.70021310000004,-6.177069799999913],[106.7004810000002,-6.176718699999924],[106.70068570000007,-6.176540099999897],[106.70103670000015,-6.176299099999937],[106.7013418000002,-6.176027699999963],[106.70146460000007,-6.175933099999952],[106.70151470000008,-6.17589449999997],[106.70178940000011,-6.175684399999966],[106.70188710000019,-6.175611199999935],[106.70198780000015,-6.175535699999841],[106.70224720000016,-6.175335899999936],[106.70227120000015,-6.175315],[106.70250650000008,-6.175110499999903],[106.70265920000014,-6.175028399999974],[106.70277160000018,-6.174946199999908],[106.70278480000019,-6.174936499999887],[106.70283290000009,-6.174901399999953],[106.70291860000009,-6.174838699999896],[106.7031831000001,-6.174649099999954],[106.70327290000012,-6.174801399999922],[106.70338850000007,-6.174818899999934],[106.70348009999998,-6.174853599999892],[106.70353970000014,-6.174876199999972],[106.70371100000011,-6.174824499999943],[106.70374840000017,-6.174840399999937],[106.70381390000011,-6.174868199999935],[106.70404920000004,-6.174774399999819],[106.70417450000008,-6.17470069999996],[106.70434820000008,-6.174842499999954],[106.70452590000019,-6.174837499999967],[106.70459930000004,-6.17482769999998],[106.70466360000006,-6.174819199999888],[106.70470460000007,-6.174780499999883],[106.70473440000006,-6.174752299999966],[106.70482340000012,-6.17477869999982],[106.70498150000009,-6.174782],[106.70505410000004,-6.174759299999891],[106.70521170000012,-6.174676399999953],[106.7052159000001,-6.174672799999939],[106.70529370000014,-6.174572699999828],[106.70543540000011,-6.174429899999893],[106.70555040000005,-6.174287299999946],[106.70566040000011,-6.174260799999956],[106.70575570000017,-6.174216699999931],[106.7059005000001,-6.174100099999976],[106.70599570000013,-6.174023299999931],[106.70612770000002,-6.174004],[106.7063798000001,-6.173857799999894],[106.70655000000016,-6.174],[106.70664960000005,-6.174014799999952],[106.70668160000002,-6.174019499999872],[106.70668610000007,-6.174308799999949],[106.70687930000008,-6.174353099999962],[106.70706950000016,-6.174364599999933],[106.70716110000012,-6.174370199999942],[106.7071837000002,-6.174374699999873],[106.7072836000001,-6.174394799999959],[106.707455,-6.174429199999963],[106.70747290000014,-6.174387199999956],[106.70776690000014,-6.174464199999932],[106.70815690000006,-6.174552999999889],[106.70847060000011,-6.174599299999898],[106.70847470000007,-6.174599899999862],[106.708528,-6.174602599999901],[106.70861460000009,-6.174607099999832],[106.70874970000011,-6.17458269999986],[106.70909419999998,-6.174489599999959],[106.70910000000015,-6.17449],[106.70985160000015,-6.174287799999945],[106.71001940000019,-6.174231299999917],[106.7100981000001,-6.174204699999848],[106.710561,-6.174031099999979],[106.71066270000011,-6.17394999999982],[106.71065610000011,-6.173904099999845],[106.71062590000008,-6.173691399999939],[106.71061350000014,-6.173604],[106.71065470000013,-6.17324919999993],[106.7106575000002,-6.173242],[106.71073290000004,-6.173047199999928],[106.7108375000002,-6.172853899999893],[106.71089520000015,-6.172764199999961],[106.71096080000007,-6.172662299999956],[106.71104680000008,-6.172528599999964],[106.71122840000004,-6.172291799999925],[106.71132790000007,-6.172125599999958],[106.71145160000003,-6.171949499999926],[106.71152610000013,-6.171843499999966],[106.71160650000002,-6.171728899999891],[106.71170380000007,-6.171709699999894],[106.71185040000012,-6.171666399999879],[106.71204920000008,-6.171621],[106.71217920000015,-6.171585999999877],[106.71218360000017,-6.171584799999948],[106.71220010000013,-6.171567499999867],[106.71228990000009,-6.171473299999889],[106.71243260000017,-6.171314],[106.71245390000018,-6.171278499999914],[106.71250510000016,-6.171171799999968],[106.7125845000001,-6.171006099999943],[106.71279620000007,-6.170428799999968],[106.71279640000006,-6.170428899999877],[106.71286350000014,-6.170235399999967],[106.71303060000008,-6.169753899999932],[106.71309770000016,-6.169570399999827],[106.71312180000018,-6.169514199999981],[106.71323280000013,-6.169278199999894],[106.71327120000012,-6.169196799999895],[106.71335770000013,-6.168863199999919],[106.71336780000013,-6.168814299999951],[106.71340090000018,-6.168652499999894],[106.71340820000006,-6.168605399999933],[106.71341850000005,-6.168538399999875],[106.7134367000001,-6.168420799999922],[106.7134258000001,-6.168268299999909],[106.71348750000004,-6.168116899999916],[106.71352230000008,-6.16787219999992],[106.71359130000013,-6.167820699999936],[106.71361610000002,-6.167796899999814],[106.7136278000001,-6.167785599999945],[106.71363180000009,-6.167781699999978],[106.71366870000014,-6.167746299999976],[106.71376579999998,-6.167613599999925],[106.7139119000002,-6.167457499999955],[106.71408040000011,-6.167372399999863],[106.71424010000015,-6.167300799999964],[106.71434650000009,-6.167224899999894],[106.71438219999999,-6.167201799999873],[106.7144893000002,-6.167132599999832],[106.71450410000017,-6.167125099999907],[106.71457910000015,-6.167087299999878],[106.71463830000005,-6.167030199999886],[106.71468000000016,-6.16699],[106.71471940000004,-6.16697419999997],[106.71478980000018,-6.166925499999934],[106.71490870000008,-6.166860099999951],[106.71492160000008,-6.166853],[106.715104,-6.166760999999894],[106.71527020000013,-6.166672799999958],[106.71532550000006,-6.166631499999937],[106.71548190000004,-6.166541399999915],[106.71548820000004,-6.166537699999878],[106.71549050000004,-6.16653639999987],[106.7157208000001,-6.166401799999846],[106.71578640000018,-6.166372899999942],[106.71606620000006,-6.166187699999966],[106.71624970000016,-6.166002899999967],[106.716407,-6.16586209999997],[106.71648030000006,-6.165729099999965],[106.71650520000014,-6.165697199999897],[106.7165988000001,-6.165485599999954],[106.71660580000014,-6.165469599999881],[106.71661540000002,-6.165447899999947],[106.71659520000014,-6.1653356999999],[106.71657860000005,-6.165243499999917],[106.71653550000019,-6.164931799999977],[106.71648180000017,-6.164581099999907],[106.7164282,-6.164283],[106.71638370000005,-6.16407259999994],[106.71633140000017,-6.163855199999887],[106.71632410000012,-6.163824799999873],[106.71627,-6.1636],[106.71620470000016,-6.163096199999814],[106.71620000000013,-6.16306],[106.71623920000019,-6.162574699999936],[106.71628,-6.16207],[106.71637000000015,-6.16126],[106.7163745000002,-6.160897],[106.71637540000006,-6.160821699999929],[106.715782,-6.160798799999952],[106.71522920000012,-6.160777599999903],[106.71523940000009,-6.160046399999885],[106.71524620000008,-6.159551799999974],[106.71525770000017,-6.158721799999967],[106.71526090000009,-6.158493099999873],[106.71526530000006,-6.158175699999902],[106.715268,-6.157981599999914],[106.7152859000002,-6.15798209999997],[106.71581520000012,-6.157996899999944],[106.7159411,-6.158000399999878],[106.71594130000005,-6.157997599999931],[106.71596440000019,-6.157491399999969],[106.71596620000014,-6.157452599999942],[106.71597540000005,-6.15696],[106.71599640000017,-6.156765099999973],[106.71599670000018,-6.156757899999945],[106.71601149999998,-6.156396899999891],[106.71598870000008,-6.156050599999958],[106.71597910000014,-6.155976799999962],[106.71596000000017,-6.15583],[106.71588000000014,-6.15562],[106.71585000000016,-6.1555],[106.71582000000012,-6.15544],[106.71570070000001,-6.155246199999908],[106.71572,-6.15523],[106.71598,-6.15508],[106.7163,-6.15483],[106.71663000000018,-6.154589999999871],[106.71699000000012,-6.15435],[106.71727,-6.15415],[106.71758000000011,-6.15399],[106.71796000000012,-6.15379],[106.71831,-6.15363],[106.71886000000012,-6.153509999999869],[106.7187600000002,-6.153229999999894],[106.71867,-6.15295],[106.71863000000013,-6.15283],[106.71855,-6.15265],[106.71845000000013,-6.15199],[106.71835,-6.151139999999884],[106.71825000000013,-6.15028],[106.71823,-6.15012],[106.71806,-6.14849],[106.7179900000001,-6.148009999999886],[106.71797,-6.14792],[106.71791,-6.14736],[106.71789000000018,-6.147219999999891],[106.7177700000002,-6.14644],[106.71778000000012,-6.14565],[106.71780000000018,-6.145509999999888],[106.7178175000002,-6.145392499999957],[106.7179000000001,-6.144839999999874],[106.7179341000001,-6.14471809999992],[106.71785760000017,-6.144701499999883],[106.71785460000007,-6.14470069999993],[106.71798170000011,-6.144194699999957],[106.71803910000006,-6.143966],[106.71813280000003,-6.14362],[106.7181854000001,-6.143473599999822],[106.71802710000014,-6.143406299999924],[106.71780110000009,-6.14333929999998],[106.71759030000004,-6.143339899999944],[106.71738150000004,-6.143327],[106.71726050000012,-6.143319499999961],[106.717244,-6.143318399999941],[106.7172432000001,-6.14331089999996],[106.71719990000008,-6.143000399999835],[106.7171754000002,-6.142871],[106.71717500000017,-6.142868399999941],[106.71717470000016,-6.142867099999819],[106.71717370000005,-6.142861699999969],[106.71714880000013,-6.142597199999955],[106.71716420000018,-6.14259809999993],[106.71716400000014,-6.14259659999982],[106.71715050000012,-6.142474699999923],[106.71708760000001,-6.141906699999936],[106.71708289999998,-6.141907099999969],[106.7169962000001,-6.141175],[106.7169206000001,-6.140536699999927],[106.7168556000002,-6.139988599999924],[106.71685530000019,-6.139985899999886],[106.71684660000017,-6.13993389999996],[106.71677510000012,-6.139507699999967],[106.71668740000013,-6.138985],[106.71667960000019,-6.138958099999968],[106.71656880000012,-6.138579],[106.71653340000017,-6.138457899999935],[106.7164853000001,-6.138019899999961],[106.71648080000011,-6.137978799999928],[106.7164799000002,-6.137970699999869],[106.7164670000002,-6.137466499999903],[106.71654240000004,-6.137501199999917],[106.71654180000019,-6.137496],[106.7164669,-6.137462],[106.71646010000018,-6.137197399999934],[106.71650590000007,-6.137045099999852],[106.71649350000007,-6.136860499999955],[106.71649550000006,-6.136793699999942],[106.71650060000013,-6.136622299999942],[106.71650160000007,-6.136622299999942],[106.71648130000017,-6.136149899999964],[106.71648070000009,-6.136136099999874],[106.71664530000004,-6.136021699999901],[106.71675490000007,-6.135940699999935],[106.71718379999999,-6.135832],[106.71726180000007,-6.135812199999975],[106.71755420000011,-6.135717499999942],[106.717565,-6.135324399999945],[106.71757840000015,-6.134511799999927],[106.71806320000013,-6.134510299999931],[106.71815830000014,-6.134415399999966],[106.71847280000009,-6.134101799999939],[106.71834880000011,-6.133959199999879],[106.7181035000001,-6.13372129999982],[106.71812040000003,-6.133705299999917],[106.7183270000001,-6.133509699999877],[106.71851920000017,-6.133327699999938],[106.71850810000018,-6.133294399999954],[106.71832240000009,-6.133097],[106.71767540000019,-6.132409799999948],[106.71768670000006,-6.132403299999908],[106.71765550000015,-6.132365799999945],[106.7175238000001,-6.13220739999997],[106.71717200000012,-6.131784399999958],[106.71717840000008,-6.131778199999872],[106.71706780000017,-6.131652699999904],[106.71678140000012,-6.131327599999906],[106.71664520000019,-6.131173],[106.71643620000015,-6.13090219999998],[106.71672180000013,-6.130609699999923],[106.71707429999998,-6.130343299999936],[106.71753280000013,-6.129853999999852],[106.71774390000019,-6.129672599999935],[106.71797310000011,-6.129537699999958],[106.71826100000015,-6.129391899999973],[106.71821720000008,-6.129337],[106.7181298000001,-6.129227499999956],[106.71799329999999,-6.129039499999976],[106.71820340000016,-6.12887939999996],[106.71832560000013,-6.129007599999966],[106.7184,-6.129054599999961],[106.71852,-6.128869],[106.71856670000005,-6.128796899999941],[106.71870700000011,-6.128705099999934],[106.718842,-6.128526699999895],[106.71884240000009,-6.128526099999931],[106.71900690000001,-6.128291],[106.7190680000001,-6.128203599999893],[106.71909000000016,-6.128174399999978],[106.71914330000016,-6.128103599999974],[106.71921240000017,-6.128011899999933],[106.71933900000016,-6.12784379999988],[106.71938250000005,-6.127779799999928],[106.71947470000003,-6.127643299999875],[106.71949740000014,-6.127611099999967],[106.71955090000012,-6.12753529999992],[106.71958070000011,-6.127488599999879],[106.71960350000018,-6.127455199999872],[106.7197139000001,-6.127298099999848],[106.71982400000013,-6.127141499999937],[106.71984750000013,-6.127108],[106.71987440000004,-6.127069799999958],[106.71989230000008,-6.127052299999946],[106.7200231000001,-6.126924299999928],[106.72005600000017,-6.126891999999884],[106.72018650000012,-6.126764299999934],[106.72021590000008,-6.126735399999916],[106.72028940000013,-6.126699799999926],[106.7203012,-6.126694099999952],[106.72035130000006,-6.126669799999888],[106.72042460000011,-6.126634299999978],[106.72048750000016,-6.126603799999941],[106.7205340000001,-6.126627],[106.72059460000014,-6.126654699999904],[106.72061090000005,-6.126653699999906],[106.7206338000002,-6.126652299999876],[106.720639,-6.126656699999955],[106.72085250000015,-6.126836399999945],[106.72094,-6.12691],[106.72104040000005,-6.12691789999991],[106.7211177000001,-6.126924],[106.7211291000001,-6.126921699999968],[106.72114660000017,-6.126918099999955],[106.72127510000013,-6.126891999999884],[106.72130340000018,-6.126874199999861],[106.72134520000009,-6.126847799999894],[106.72138410000008,-6.126823299999899],[106.72144280000015,-6.126786299999935],[106.72149980000006,-6.126741599999889],[106.72150470000014,-6.126739199999975],[106.721506,-6.126736999999878],[106.7216732,-6.126628],[106.72179180000006,-6.126513699999975],[106.72204810000011,-6.126266499999929],[106.72221050000007,-6.126134799999875],[106.72221100000013,-6.126134399999842],[106.7222463,-6.126123],[106.72227670000007,-6.126113199999963],[106.72235210000008,-6.1260888999999],[106.72249820000008,-6.126041899999905],[106.72283310000006,-6.125972299999944],[106.72292180000011,-6.125953899999899],[106.72310210000012,-6.125902699999926],[106.72311770000016,-6.125900799999954],[106.7231567,-6.125896299999965],[106.723161,-6.12589579999991],[106.72317850000007,-6.125901099999965],[106.7233399000001,-6.125932899999952],[106.72337230000011,-6.125939199999948],[106.72345250000018,-6.125983499999961],[106.72372930000017,-6.126061699999866],[106.72386770000003,-6.126100799999904],[106.72399670000004,-6.125967399999979],[106.72413990000018,-6.125819399999955],[106.72423550000013,-6.125703099999953],[106.72424280000018,-6.125713099999871],[106.72450260000016,-6.12544459999998],[106.72459010000011,-6.125354099999925],[106.72483910000011,-6.125216599999931],[106.72516540000015,-6.125036399999942],[106.72588960000019,-6.124636299999963],[106.72626880000013,-6.124426899999946],[106.7266688000002,-6.124206],[106.72669850000017,-6.124188599999968],[106.72672760000006,-6.124171599999954],[106.72699470000015,-6.124015699999973],[106.72712130000014,-6.123941799999955],[106.72726550000016,-6.123857599999951],[106.72768790000015,-6.123724499999923],[106.7284468000002,-6.123756599999922],[106.72853229999998,-6.123531899999875],[106.7289052000001,-6.123227299999826],[106.7289533,-6.123188],[106.7298924000001,-6.123910399999943],[106.73028680000004,-6.124152899999956],[106.7303,-6.124099999999828],[106.73050000000012,-6.12357],[106.7305300000001,-6.12348],[106.73087000000015,-6.12278],[106.73114,-6.12224],[106.73132,-6.12191],[106.73158840000008,-6.121552099999974],[106.73130820000017,-6.121314499999926],[106.73121660000004,-6.121187699999894],[106.73114040000013,-6.121118599999875],[106.7309137000002,-6.120904799999948],[106.73056050000014,-6.120571599999892],[106.73027820000004,-6.120305599999938],[106.7300188000001,-6.120021799999904],[106.73000360000003,-6.120006099999955],[106.7298357000002,-6.119832499999973],[106.72978230000007,-6.11977909999996],[106.7294161000001,-6.119494499999973],[106.72925590000017,-6.119331799999941],[106.72900410000011,-6.119070599999873],[106.72880570000007,-6.118898399999921],[106.72854640000008,-6.118677599999955],[106.7274172000001,-6.117580899999894],[106.72695180000017,-6.116987299999892],[106.72678480000019,-6.116775699999891],[106.72657030000005,-6.116504199999895],[106.72652450000015,-6.116437899999937],[106.72629570000004,-6.116089299999942],[106.72606680000013,-6.115789899999868],[106.72547930000019,-6.115042699999947],[106.72545640000004,-6.115007399999968],[106.72534200000018,-6.114825299999893],[106.72512070000016,-6.114578699999925],[106.7250826,-6.114539199999967],[106.7246325000001,-6.114071899999942],[106.7244341,-6.113847299999975],[106.72412890000015,-6.113483499999973],[106.72332780000016,-6.112401],[106.72305320000015,-6.112072999999896],[106.72276330000017,-6.111728699999844],[106.72267970000019,-6.111620099999925],[106.72251150000011,-6.111401599999965],[106.72246570000004,-6.111347199999898],[106.7218020000002,-6.110508],[106.72164170000008,-6.110334399999942],[106.72145100000012,-6.110077399999909],[106.72040580000015,-6.108625899999879],[106.72036,-6.108564399999864],[106.71994039999998,-6.108087099999977],[106.71975730000014,-6.107834799999978],[106.719681,-6.107726099999979],[106.71949030000007,-6.107380899999896],[106.719475,-6.107354599999951],[106.71946070000013,-6.107333],[106.71917740000009,-6.106905899999958],[106.7189562000001,-6.106657499999926],[106.71874260000004,-6.106379499999832],[106.7184069000001,-6.105940799999928],[106.71810930000004,-6.105551799999887],[106.71804070000019,-6.105488299999877],[106.7178957000001,-6.105344799999841],[106.717766,-6.105269],[106.71756770000013,-6.105076299999894],[106.71741510000015,-6.104897499999936],[106.7173006000001,-6.104754899999875],[106.71717089999999,-6.104602799999896],[106.71695160000013,-6.104213899999877],[106.71652240000014,-6.103452699999934],[106.71630120000015,-6.103019199999949],[106.71600360000008,-6.102463299999897],[106.7158434000001,-6.102161899999828],[106.71568320000017,-6.101828099999921],[106.71543140000011,-6.10134979999998],[106.71514150000013,-6.100809099999879],[106.71508810000017,-6.100703699999883],[106.71494310000008,-6.100420499999871],[106.71491260000005,-6.100433899999928],[106.71488210000018,-6.100390399999981],[106.71454640000007,-6.099557],[106.71452350000015,-6.099492999999882],[106.7144854,-6.099284199999943],[106.71445490000019,-6.099116799999933],[106.71424280000019,-6.098867299999881],[106.71424120000006,-6.098865499999931],[106.71413440000009,-6.098791099999971],[106.71407340000002,-6.098742499999958],[106.7138369,-6.098534599999823],[106.71364610000006,-6.098324299999831],[106.71332570000015,-6.097950999999853],[106.71309680000007,-6.097601],[106.71293660000015,-6.097409699999901],[106.71271860000002,-6.097124599999972],[106.71271540000015,-6.097120299999972],[106.7126467000001,-6.097047799999814],[106.71234910000004,-6.096744499999943],[106.7120579000001,-6.096508699999958],[106.71186850000004,-6.096355499999902],[106.71174150000019,-6.096250299999895],[106.71163550000011,-6.096162399999912],[106.71137910000004,-6.095949999999846],[106.71133470000012,-6.095913199999927],[106.71104650000007,-6.09567439999995],[106.710974,-6.095615699999883],[106.71096860000017,-6.095611399999882],[106.71049460000006,-6.095258399999977],[106.71034250000008,-6.095454599999869],[106.71012980000006,-6.095353599999953],[106.70994560000008,-6.095266199999912],[106.70961480000011,-6.095859599999926],[106.70916080000018,-6.095770699999946],[106.70899520000017,-6.095894499999872],[106.70888960000013,-6.095856899999944],[106.70858290000012,-6.095683399999814],[106.70821170000016,-6.09559819999987],[106.70792720000009,-6.0955727999999],[106.70751150000012,-6.095774699999879],[106.70742160000015,-6.095977099999971],[106.7074198000002,-6.095981099999904],[106.70741360000005,-6.095995099999925],[106.70740790000008,-6.095979799999895],[106.7069755,-6.09593389999992],[106.70679489999998,-6.095911499999943],[106.70664400000015,-6.095921399999952],[106.70640920000005,-6.095950399999879],[106.70608140000013,-6.095947099999933],[106.70595759999998,-6.095918],[106.70584650000006,-6.095835699999952],[106.70583370000003,-6.095819199999937],[106.70568380000009,-6.095842699999935],[106.7054406000002,-6.095880799999975],[106.70532730000008,-6.095672],[106.70525710000015,-6.095690999999817],[106.70503370000012,-6.095595599999911]]]}},{"type":"Feature","properties":{"adm3_name":"Kebon Jeruk","adm3_name1":null,"adm3_name2":null,"adm3_name3":null,"adm3_pcode":"ID3174020","adm2_name":"Kota Jakarta Barat","adm2_name1":null,"adm2_name2":null,"adm2_name3":null,"adm2_pcode":"ID3174","adm1_name":"Dki Jakarta","adm1_name1":null,"adm1_name2":null,"adm1_name3":null,"adm1_pcode":"ID31","adm0_name":"Indonesia","adm0_name1":null,"adm0_name2":null,"adm0_name3":null,"adm0_pcode":"ID","valid_on":"2020-04-01","valid_to":null,"area_sqkm":17.62927574,"version":"v01","lang":"en","lang1":null,"lang2":null,"lang3":null,"adm3_ref_name":"Kebon Jeruk","center_lat":-6.192595,"center_lon":106.76964711},"geometry":{"type":"Polygon","coordinates":[[[106.76913000000013,-6.15983],[106.76907000000017,-6.15962],[106.76898000000017,-6.15933],[106.7688,-6.15895],[106.76871,-6.158749999999827],[106.76831000000016,-6.15835],[106.7679700000001,-6.15813],[106.76783,-6.158049999999889],[106.76774,-6.15798],[106.76765000000012,-6.157889999999895],[106.76762,-6.157959999999832],[106.76757,-6.158049999999889],[106.76753000000014,-6.15813],[106.7675,-6.15822],[106.76748,-6.15828],[106.76745,-6.15838],[106.76742,-6.15847],[106.76739,-6.15853],[106.7673700000002,-6.15861],[106.76733,-6.158709999999871],[106.76732000000015,-6.15879],[106.7672800000002,-6.15887],[106.76725,-6.15899],[106.76722,-6.15907],[106.76720000000017,-6.15914],[106.76716,-6.15923],[106.76713,-6.15932],[106.76709000000011,-6.15939],[106.76705,-6.15948],[106.76701,-6.15953],[106.7669800000001,-6.159599999999898],[106.76693,-6.15968],[106.7668900000001,-6.15974],[106.76685000000015,-6.15981],[106.76661460000003,-6.159923599999956],[106.76622970000017,-6.159896599999911],[106.76610280000017,-6.159873399999981],[106.7660152000002,-6.159857399999964],[106.76583990000006,-6.159825299999966],[106.76562240000004,-6.159766699999921],[106.7655407000002,-6.159744699999976],[106.765273,-6.159630899999968],[106.76523990000015,-6.159616799999981],[106.76502350000004,-6.159522399999958],[106.76472050000018,-6.159324599999934],[106.76437990000005,-6.159146899999882],[106.7642099000002,-6.159058199999947],[106.7641119000001,-6.159021599999903],[106.76368220000006,-6.158861099999967],[106.7636603000002,-6.158857299999909],[106.7631290000001,-6.158767799999964],[106.76305080000003,-6.158774899999912],[106.7629495,-6.158784099999878],[106.76263660000006,-6.158812599999919],[106.76243030000006,-6.158814599999914],[106.76211460000002,-6.158781],[106.76140320000013,-6.158705099999906],[106.76133420000014,-6.158684599999901],[106.76126740000012,-6.158626399999889],[106.76105850000005,-6.158444699999961],[106.76073790000015,-6.158351699999912],[106.7607275000002,-6.158378599999935],[106.76068070000008,-6.158492799999863],[106.76068220000019,-6.158531799999878],[106.76065940000007,-6.158544999999833],[106.76068310000005,-6.158554699999911],[106.76068310000005,-6.158554799999933],[106.76068429999998,-6.158586],[106.76066160000005,-6.158588599999973],[106.76063390000007,-6.158591899999976],[106.7605779000001,-6.158598299999881],[106.76055520000017,-6.158603199999959],[106.76047970000013,-6.158619099999896],[106.76039140000012,-6.158637799999951],[106.7602816000001,-6.158661],[106.76024310000008,-6.158669199999963],[106.76015310000008,-6.158688199999972],[106.76004080000007,-6.158693299999925],[106.75980490000006,-6.158704],[106.75975330000006,-6.158706399999971],[106.75966000000017,-6.158752099999901],[106.75955680000015,-6.15880269999991],[106.75948880000004,-6.158835999999837],[106.75948050000005,-6.158848299999875],[106.75940730000019,-6.158955899999967],[106.75934230000018,-6.159051399999896],[106.75932370000004,-6.159081],[106.75928110000007,-6.159148899999877],[106.75926620000007,-6.159172699999885],[106.75937000000016,-6.15919],[106.75891,-6.15973],[106.75799000000018,-6.160549999999887],[106.75789,-6.16066],[106.75783,-6.16098],[106.75791000000015,-6.161669999999845],[106.75792,-6.161799999999857],[106.75786000000011,-6.16193],[106.7577800000002,-6.16199],[106.75736000000012,-6.161969999999883],[106.75725,-6.161969999999883],[106.75713,-6.16203],[106.75701,-6.16227],[106.75697000000014,-6.16249],[106.75694000000016,-6.162799999999891],[106.75677000000013,-6.1637],[106.75676,-6.16395],[106.75675,-6.1644],[106.75673,-6.16461],[106.75667,-6.16477],[106.75634,-6.16513],[106.7560000000002,-6.16547],[106.75585,-6.16557],[106.75566000000015,-6.165619999999819],[106.75524000000019,-6.16564],[106.75507000000016,-6.16564],[106.7550100000002,-6.16574],[106.75493000000012,-6.16606],[106.75439,-6.166409999999814],[106.75399000000016,-6.1667],[106.75388,-6.16681],[106.75383,-6.16691],[106.7538,-6.167039999999872],[106.75374,-6.167079999999828],[106.7536500000001,-6.16708999999986],[106.75354,-6.16735],[106.75355000000019,-6.16759],[106.75351,-6.1677],[106.75344000000013,-6.167749999999842],[106.75324000000012,-6.16768],[106.7531,-6.16762],[106.75303000000014,-6.16762],[106.75288000000018,-6.16781],[106.75286000000011,-6.16808],[106.75286000000011,-6.168179999999893],[106.75281,-6.16827],[106.7526700000002,-6.168369999999868],[106.75256000000013,-6.16841],[106.7524800000001,-6.16845],[106.7519,-6.168499999999881],[106.75180000000012,-6.16852],[106.75164,-6.16871],[106.75186000000014,-6.16889],[106.75195000000014,-6.16896],[106.75212000000016,-6.16908],[106.75218000000012,-6.16918],[106.75219,-6.16943],[106.75215000000014,-6.16961],[106.75205,-6.16979],[106.75194000000016,-6.16997],[106.75184,-6.17016],[106.75175,-6.17022],[106.75155,-6.170299999999884],[106.75132,-6.17041],[106.75116000000014,-6.17044],[106.75108,-6.17045],[106.75099000000012,-6.17045],[106.75088,-6.17051],[106.75084,-6.17058],[106.75097,-6.1709],[106.75099000000012,-6.170969999999897],[106.75078000000013,-6.171219999999892],[106.75063000000017,-6.171289999999885],[106.75045000000017,-6.171379999999886],[106.7503,-6.171539999999879],[106.75022000000013,-6.17173],[106.7502300000001,-6.172009999999887],[106.75020000000012,-6.17209],[106.7501400000001,-6.17216999999988],[106.75,-6.172259999999881],[106.74988,-6.172379999999862],[106.7496,-6.17269],[106.74937000000017,-6.17285],[106.74943000000013,-6.17302],[106.74946000000017,-6.1731],[106.74948790000013,-6.173139],[106.74956,-6.17324],[106.74966000000018,-6.17337],[106.74968550000017,-6.173426099999972],[106.74971,-6.17348],[106.74976,-6.17365999999987],[106.74979450000012,-6.173722199999872],[106.74968090000016,-6.173746599999959],[106.7495689000001,-6.174012799999957],[106.74949690000017,-6.174486299999955],[106.74956290000011,-6.17475759999985],[106.74958790000005,-6.174860499999909],[106.74962470000008,-6.175011799999936],[106.74953640000007,-6.175216099999943],[106.74941440000009,-6.175498399999924],[106.74934930000006,-6.175648899999942],[106.74930139999998,-6.175759699999901],[106.74932030000014,-6.175834299999963],[106.74936400000018,-6.176006799999925],[106.74937590000013,-6.176054],[106.74938980000019,-6.176065],[106.74939230000007,-6.17608539999992],[106.74956989999998,-6.17625309999994],[106.74964140000009,-6.176456599999938],[106.74972520000006,-6.176722199999972],[106.74969910000004,-6.176799099999926],[106.7496417000001,-6.176968199999976],[106.7497661000001,-6.177146299999947],[106.74979460000014,-6.177187099999969],[106.7497850000002,-6.177408299999968],[106.74996900000019,-6.177384399999937],[106.75006050000007,-6.177420699999914],[106.75026380000003,-6.177340299999912],[106.75030950000007,-6.177373399999908],[106.75040270000017,-6.177440699999977],[106.75045850000015,-6.177481],[106.75045890000018,-6.177481399999976],[106.7505306000001,-6.177485099999842],[106.75075670000012,-6.177280099999905],[106.75089940000004,-6.177237199999922],[106.75102440000012,-6.177178399999946],[106.75117530000017,-6.177328499999931],[106.7511954000002,-6.177440499999875],[106.75122940000017,-6.177629399999944],[106.75115180000017,-6.177746799999909],[106.75112660000019,-6.177888899999857],[106.75083790000014,-6.178280099999881],[106.75082310000016,-6.178300099999944],[106.75069400000012,-6.17867009999992],[106.75063570000009,-6.178837199999975],[106.75054420000015,-6.179060199999867],[106.75049980000006,-6.179128699999922],[106.75042950000005,-6.179297199999951],[106.75042180000014,-6.179642699999931],[106.75036460000001,-6.179747399999883],[106.75029170000005,-6.179825999999878],[106.7502712000001,-6.179848099999958],[106.75028850000012,-6.17988639999993],[106.75037380000009,-6.180075399999907],[106.7503501000001,-6.180088299999909],[106.75016430000016,-6.180190099999834],[106.74999700000018,-6.180281099999888],[106.74981410000015,-6.180380599999978],[106.74985,-6.18042],[106.74989280000005,-6.18049539999987],[106.74990030000015,-6.180501999999876],[106.74996050000016,-6.180555199999844],[106.7500316,-6.180686899999898],[106.75015070000012,-6.180849799999976],[106.75019630000014,-6.180933],[106.7502750000001,-6.181018699999981],[106.750427,-6.181183899999894],[106.75048950000007,-6.181260099999974],[106.75063550000004,-6.181388799999979],[106.750805,-6.181477599999937],[106.75090870000014,-6.181531799999902],[106.75091160000017,-6.181533399999864],[106.75096610000008,-6.181567399999835],[106.7511060000001,-6.181654299999934],[106.75125290000017,-6.18174549999992],[106.75132500000012,-6.181825799999899],[106.7514627000001,-6.182051099999967],[106.75170670000006,-6.182535499999915],[106.75170980000013,-6.182540399999937],[106.75176440000001,-6.182626],[106.75180310000002,-6.182686499999875],[106.75182510000008,-6.182737599999939],[106.75189740000019,-6.182870899999955],[106.75197080000004,-6.182968199999834],[106.75199020000008,-6.182993799999906],[106.75206229999998,-6.183096299999931],[106.75220640000003,-6.183208799999932],[106.75252530000012,-6.183444],[106.75265690000015,-6.183525499999917],[106.7527912000001,-6.183608799999888],[106.75294700000018,-6.183730099999877],[106.7530371000002,-6.183800699999949],[106.7530997,-6.183849799999962],[106.75322480000005,-6.183944899999972],[106.75329610000011,-6.18399079999989],[106.7533385000001,-6.184018199999912],[106.75362060000015,-6.184167899999977],[106.75374290000013,-6.184287899999958],[106.75391040000017,-6.18442779999998],[106.7540271000002,-6.184507199999871],[106.75412390000002,-6.184597399999973],[106.75468050000006,-6.184337099999937],[106.754689,-6.184340299999917],[106.75468800000016,-6.184327499999938],[106.75467990000004,-6.184226399999943],[106.7549094000002,-6.184098799999958],[106.75579510000011,-6.184338],[106.75597620000019,-6.184376599999837],[106.7561374,-6.184410899999932],[106.75622060000018,-6.18442929999992],[106.75638690000005,-6.184479399999816],[106.75639000000012,-6.184480299999962],[106.75641550000012,-6.184674299999926],[106.75642770000007,-6.184767399999942],[106.75642780000004,-6.184799199999873],[106.75642810000011,-6.184878499999968],[106.75642820000007,-6.184931599999913],[106.75641320000011,-6.185004299999889],[106.75646860000006,-6.185136199999874],[106.75648250000017,-6.185148199999901],[106.7566000000001,-6.185249999999883],[106.7567473000002,-6.185412999999869],[106.7567558,-6.185453799999948],[106.75676310000011,-6.185488599999928],[106.75676860000004,-6.185515199999884],[106.75677600000012,-6.185550699999965],[106.75684,-6.185659999999871],[106.75682000000018,-6.1858],[106.75676,-6.18594],[106.75674890000016,-6.185973199999864],[106.75669900000014,-6.186122899999816],[106.75667,-6.18621],[106.75667,-6.18639],[106.75672,-6.18653],[106.75674690000017,-6.18658019999998],[106.75678700000014,-6.186615799999913],[106.7568394,-6.18670149999997],[106.756881,-6.186769599999934],[106.75690070000013,-6.186866499999951],[106.75701,-6.18707],[106.75702940000008,-6.187125599999888],[106.7571700000002,-6.18753],[106.75728500000014,-6.187538899999936],[106.75736740000019,-6.18749459999998],[106.75742250000013,-6.187439099999892],[106.75745510000013,-6.187406199999941],[106.75753750000007,-6.187372899999957],[106.75763090000015,-6.187345099999959],[106.75764780000009,-6.187350599999945],[106.75798,-6.18695],[106.75808000000018,-6.18692],[106.75817000000018,-6.18694],[106.75826000000012,-6.187029999999822],[106.75828000000018,-6.18715],[106.75826000000012,-6.18731],[106.75815000000011,-6.1876],[106.75810890000008,-6.187713499999973],[106.75786000000011,-6.1884],[106.75784,-6.18859],[106.75790000000018,-6.188739999999882],[106.75790570000015,-6.188747199999966],[106.7580500000002,-6.18893],[106.75816410000004,-6.188912],[106.75821230000008,-6.188878399999965],[106.75823540000005,-6.188862299999812],[106.75832870000016,-6.188795899999889],[106.7584442000001,-6.188812],[106.75844680000012,-6.188866799999914],[106.75849000000017,-6.188909999999851],[106.75852000000015,-6.18901],[106.75853020000011,-6.189091399999938],[106.758555,-6.189289699999904],[106.75861650000013,-6.189350899999909],[106.75862,-6.189372799999944],[106.75864000000013,-6.189499999999896],[106.75862,-6.18961],[106.75853000000012,-6.18979],[106.75837000000018,-6.18993],[106.75827,-6.18996],[106.75818970000017,-6.18990649999995],[106.75818,-6.1899],[106.75816150000014,-6.189872999999864],[106.75807,-6.18974],[106.75799000000018,-6.18968],[106.75792,-6.189699999999846],[106.7578421,-6.189764899999886],[106.7578,-6.1898],[106.75766390000018,-6.189936099999841],[106.75766149999998,-6.189943],[106.75757060000012,-6.19003889999982],[106.75754640000008,-6.190064499999892],[106.75753030000016,-6.190069699999981],[106.75749000000019,-6.19011],[106.75713,-6.19026],[106.75711380000018,-6.190346399999953],[106.7571,-6.19042],[106.7570800000002,-6.19064],[106.75706000000014,-6.19098],[106.75684,-6.191959999999881],[106.75685,-6.19244],[106.75691000000018,-6.19244],[106.7570800000002,-6.192449999999894],[106.7570800000002,-6.19252],[106.75704,-6.19271],[106.75696,-6.19309],[106.75715000000014,-6.19306],[106.75737,-6.193039999999883],[106.75755,-6.19307],[106.75762000000014,-6.19314],[106.75766,-6.193289999999877],[106.75769,-6.193539999999871],[106.75777000000011,-6.193659999999852],[106.75789,-6.19373],[106.7580500000002,-6.19384],[106.75833,-6.19414],[106.7585,-6.19431],[106.75869000000017,-6.19449],[106.75957000000017,-6.19522],[106.7598,-6.19544999999988],[106.75986000000017,-6.195579999999893],[106.75994,-6.19613],[106.76001000000014,-6.19625],[106.76011000000011,-6.196329999999875],[106.76026,-6.19642],[106.76037,-6.196619999999882],[106.76052,-6.1968],[106.7607200000001,-6.19695],[106.7608100000001,-6.196909999999889],[106.76088,-6.196819999999832],[106.76124000000016,-6.19631],[106.76143,-6.19623],[106.76157000000012,-6.19623],[106.76171000000011,-6.196279999999888],[106.76189000000011,-6.19643],[106.76195,-6.19655],[106.76196,-6.196699999999851],[106.76203000000015,-6.196999999999889],[106.76212000000015,-6.19705],[106.76226000000014,-6.19705],[106.76240000000018,-6.19709],[106.76244000000014,-6.197159999999883],[106.76264000000015,-6.19767],[106.76279000000017,-6.19793],[106.76285000000013,-6.198149999999828],[106.76285000000013,-6.198329999999885],[106.76290000000017,-6.19876],[106.76297000000011,-6.19899],[106.76308000000017,-6.19913],[106.76319000000018,-6.199279999999874],[106.76319000000018,-6.19944],[106.76322,-6.200829999999883],[106.76331000000016,-6.20102],[106.76344000000012,-6.20114],[106.76364000000012,-6.20126],[106.76375000000019,-6.20134],[106.76378000000017,-6.20149],[106.76384000000013,-6.20168],[106.76390000000015,-6.20193],[106.76390000000015,-6.20218],[106.7639190000001,-6.202445999999895],[106.76393000000013,-6.2026],[106.76412,-6.202649999999835],[106.76428000000016,-6.202699999999879],[106.76436000000018,-6.2028],[106.76437000000016,-6.20291],[106.76437000000016,-6.20373],[106.76438,-6.20401],[106.76434000000012,-6.204229999999825],[106.76425000000017,-6.20435],[106.7641300000002,-6.20443],[106.76379,-6.20465],[106.76363,-6.20483],[106.7636,-6.20493],[106.76361000000014,-6.205029999999851],[106.76368,-6.2051],[106.76378000000017,-6.20513],[106.76398000000017,-6.20519],[106.76410000000016,-6.20526],[106.76414000000011,-6.205359999999871],[106.76416000000017,-6.20555],[106.7641300000002,-6.205779999999891],[106.76407000000017,-6.20589],[106.76396000000011,-6.20593],[106.7637600000001,-6.20589],[106.76351,-6.20588],[106.76339,-6.205939999999828],[106.7633400000002,-6.20606],[106.76342,-6.20611],[106.76383,-6.206239999999866],[106.76414000000011,-6.206249999999898],[106.76432,-6.206279999999879],[106.76438,-6.20634],[106.76441,-6.206439999999873],[106.76443000000012,-6.20681],[106.76452000000012,-6.20692],[106.76467,-6.207039999999893],[106.76483000000019,-6.20713],[106.76496,-6.207199999999887],[106.76511,-6.207319999999868],[106.76511,-6.20741],[106.76507000000015,-6.207519999999818],[106.76496,-6.20768],[106.76482,-6.207939999999837],[106.76482,-6.208149999999875],[106.76481000000013,-6.20865],[106.7647,-6.20896],[106.7647300000001,-6.2091],[106.76483000000019,-6.20912],[106.76510000000013,-6.20906],[106.76524000000018,-6.20906],[106.76540000000011,-6.20913],[106.76555,-6.20925],[106.76578,-6.20989],[106.76618000000013,-6.210529999999892],[106.76624000000015,-6.21073],[106.76624000000015,-6.21096],[106.7662000000002,-6.211349999999811],[106.76613,-6.21155],[106.76585,-6.21219],[106.76566,-6.21247],[106.76517,-6.213109999999858],[106.76485,-6.21342],[106.76459,-6.213569999999891],[106.76431000000014,-6.21365],[106.76434000000012,-6.213779999999872],[106.76447,-6.214359999999886],[106.76441,-6.214449999999886],[106.76419000000016,-6.21466],[106.76412,-6.21466],[106.76358000000016,-6.21463],[106.76340000000016,-6.21464],[106.76332000000014,-6.21467],[106.76286,-6.21478],[106.7627700000001,-6.214859999999874],[106.76274,-6.21495],[106.76275,-6.21522],[106.76274,-6.21575],[106.76273000000015,-6.21606],[106.7627700000001,-6.216159999999888],[106.76283,-6.2162],[106.76296000000019,-6.216069999999888],[106.76314000000013,-6.21592],[106.76327,-6.215849999999818],[106.76336,-6.21588],[106.76343000000014,-6.21595],[106.76345,-6.21608],[106.76347,-6.21629],[106.76356,-6.21653],[106.76371,-6.21674],[106.7638600000002,-6.21678],[106.76421,-6.21684],[106.7643,-6.216899999999896],[106.7643300000002,-6.216949999999883],[106.76437000000016,-6.21701],[106.76456,-6.21742],[106.76467,-6.21768],[106.76474000000019,-6.21776],[106.76485,-6.21792],[106.76495000000017,-6.218029999999885],[106.76511,-6.21818],[106.76534,-6.21837],[106.7654100000002,-6.218569999999886],[106.76529,-6.21868],[106.76508,-6.21879],[106.76507000000015,-6.218859999999893],[106.7651200000002,-6.219],[106.76522000000011,-6.219139999999868],[106.7653200000002,-6.21929],[106.7655000000002,-6.21972],[106.76553000000018,-6.219939999999895],[106.76552,-6.22033],[106.76543,-6.22039],[106.7652100000002,-6.22056],[106.76526,-6.22072],[106.76530000000014,-6.22095],[106.76527000000016,-6.22112],[106.76526,-6.2213],[106.76531000000011,-6.2214],[106.76547,-6.2216],[106.76562000000018,-6.22179],[106.7655900000002,-6.221859999999879],[106.76552,-6.22191],[106.76535,-6.22201],[106.76533000000018,-6.22209],[106.76537,-6.222149999999885],[106.76547,-6.22221],[106.76574000000016,-6.22232],[106.76576740000013,-6.222335699999974],[106.7658492000001,-6.222382399999958],[106.76585090000009,-6.222383299999933],[106.76595000000015,-6.222439999999892],[106.76597,-6.2225],[106.76594000000017,-6.22259],[106.76587,-6.22266],[106.76560000000012,-6.22279],[106.76555,-6.22288],[106.76555,-6.222891399999867],[106.765548,-6.222891099999913],[106.76554890000017,-6.222976199999948],[106.76555,-6.222980799999959],[106.76563280000016,-6.223330099999941],[106.7658007,-6.223673799999858],[106.76612870000014,-6.22403769999994],[106.76624320000002,-6.224180699999977],[106.76632710000007,-6.224338499999874],[106.7664415000001,-6.224548799999866],[106.76657119999999,-6.224749599999939],[106.7667315000001,-6.224900299999888],[106.7669891000001,-6.225177799999926],[106.76699000000019,-6.22518],[106.76704,-6.2253],[106.76703000000015,-6.22541],[106.76694000000015,-6.22558],[106.76677000000012,-6.22579],[106.76662000000016,-6.22588],[106.76632000000018,-6.22596],[106.76617,-6.22601],[106.76614,-6.226069999999879],[106.76613,-6.22626],[106.76614930000011,-6.226667299999917],[106.76608990000017,-6.226795599999946],[106.76614990000013,-6.226872299999911],[106.76615890000016,-6.226991899999859],[106.76608010000007,-6.227068599999882],[106.76592250000016,-6.227139299999976],[106.765756,-6.227148599999964],[106.76571540000009,-6.22712839999997],[106.76564159999998,-6.227091799999869],[106.76563310000017,-6.227087599999948],[106.76562040000005,-6.227084099999956],[106.76541370000018,-6.227026899999828],[106.76526420000005,-6.226895799999966],[106.76524850000015,-6.226870599999927],[106.76521150000013,-6.22684119999991],[106.76521140000011,-6.226843399999893],[106.7650973000001,-6.226791099999957],[106.76496560000004,-6.226730099999941],[106.76488690000008,-6.226730399999894],[106.76481000000013,-6.226739999999893],[106.76474780000012,-6.226759099999981],[106.764659,-6.226801299999977],[106.7646122000001,-6.226827899999876],[106.76451000000014,-6.226899999999887],[106.7644200000002,-6.22705],[106.76430820000019,-6.227256],[106.76433090000012,-6.227255399999876],[106.7643374000001,-6.227255899999932],[106.76438530000013,-6.227259699999877],[106.76556540000007,-6.227354399999911],[106.76578990000019,-6.227372399999979],[106.76597510000005,-6.227387199999953],[106.76623200000017,-6.22740779999998],[106.7662814000002,-6.22741179999997],[106.7662987,-6.227412399999935],[106.7663816000001,-6.227395699999875],[106.76651360000005,-6.227430399999889],[106.76673660000017,-6.227448199999969],[106.76690160000015,-6.227409599999874],[106.76713080000013,-6.227355999999872],[106.76725240000007,-6.22732759999991],[106.76739320000019,-6.227301099999863],[106.76751850000005,-6.227277499999957],[106.76764290000006,-6.227277099999924],[106.76769040000005,-6.227276899999879],[106.76778860000019,-6.227276599999868],[106.76784040000001,-6.227274299999976],[106.76801790000013,-6.227249299999926],[106.76835240000014,-6.227264899999966],[106.76865550000014,-6.227248399999951],[106.76884510000019,-6.227237999999886],[106.76896060000018,-6.227231699999891],[106.76911010000009,-6.227231199999949],[106.76980190000018,-6.227213399999869],[106.76985680000007,-6.227215799999897],[106.76994010000004,-6.227219499999933],[106.77017740000014,-6.227196499999934],[106.77109290000004,-6.227166599999919],[106.77178730000008,-6.227140199999951],[106.77182530000005,-6.227140399999882],[106.77191450000015,-6.227141],[106.77273100000019,-6.22712439999998],[106.77279490000018,-6.227123099999972],[106.77325070000006,-6.227113799999927],[106.77341050000013,-6.227110499999981],[106.77376100000015,-6.227103399999919],[106.77380490000007,-6.227102499999944],[106.77395120000011,-6.227099499999952],[106.77445690000019,-6.227089199999909],[106.77450510000011,-6.227006599999925],[106.7745609000001,-6.2270342999999],[106.77483239999998,-6.227019399999904],[106.77483590000008,-6.227019899999959],[106.7748435000002,-6.22706409999995],[106.77490170000004,-6.227061699999865],[106.77512720000004,-6.22705279999991],[106.77516090000017,-6.227058199999931],[106.77529950000007,-6.227080399999977],[106.77532200000019,-6.227054899999928],[106.77564360000014,-6.227043499999866],[106.77575930000012,-6.227039399999967],[106.7758264000002,-6.227036599999906],[106.7761403,-6.227024],[106.77615709999998,-6.226984399999935],[106.77624880000013,-6.226983099999927],[106.77626920000006,-6.227067699999907],[106.77651910000009,-6.227066899999954],[106.77653290000018,-6.227065899999957],[106.7769647,-6.227035099999966],[106.77696940000004,-6.22694649999994],[106.77707470000007,-6.226944199999821],[106.77720160000007,-6.226941599999975],[106.77722090000009,-6.226941199999942],[106.77735880000012,-6.226938899999936],[106.77742970000014,-6.226937699999894],[106.77748340000016,-6.226968599999964],[106.77770850000013,-6.226967799999898],[106.7778362000002,-6.226967399999978],[106.77795430000003,-6.226916099999869],[106.77831270000019,-6.226914699999952],[106.77841620000004,-6.226909],[106.77840930000019,-6.226681499999927],[106.77840540000005,-6.226554],[106.77841150000017,-6.226339099999848],[106.77842970000012,-6.225703599999918],[106.77843660000013,-6.225463399999967],[106.77844430000005,-6.225194199999976],[106.7784706000001,-6.224945099999957],[106.77847220000007,-6.224848099999917],[106.7784503000002,-6.224836],[106.77845780000013,-6.22438719999991],[106.77845780000013,-6.223321999999882],[106.77845780000013,-6.223219899999947],[106.77845780000013,-6.222476499999914],[106.77846550000004,-6.222268099999894],[106.77846550000004,-6.222150399999919],[106.77847310000016,-6.221823699999902],[106.77848070000005,-6.221136599999966],[106.77848070000005,-6.22086819999987],[106.77848070000005,-6.220693099999949],[106.77848070000005,-6.22038989999993],[106.77848060000002,-6.220386599999927],[106.77847310000016,-6.220124699999928],[106.77847310000016,-6.219824799999969],[106.77847310000016,-6.21976849999993],[106.77848840000019,-6.218966499999908],[106.77848110000008,-6.218789899999877],[106.77848070000005,-6.218781],[106.77847310000016,-6.218320399999925],[106.77843500000017,-6.21790129999988],[106.7783815000002,-6.217668099999969],[106.77835100000016,-6.217588499999863],[106.77832810000007,-6.217556499999944],[106.77821370000015,-6.21744729999989],[106.77794670000009,-6.217327199999829],[106.77783220000003,-6.217289499999879],[106.7774431000002,-6.217097299999978],[106.77723710000004,-6.216973799999892],[106.77713800000015,-6.21686509999995],[106.77707690000005,-6.216578499999969],[106.7770998000002,-6.216219399999829],[106.77711440000019,-6.21614],[106.77711510000006,-6.216136499999891],[106.7773668000001,-6.215720199999907],[106.77750420000007,-6.215484199999935],[106.77754990000011,-6.215386899999942],[106.7775786000002,-6.21524409999995],[106.7776075000001,-6.215047699999957],[106.7776333000001,-6.214716899999928],[106.77762620000004,-6.214249699999925],[106.77762620000004,-6.214108999999894],[106.77762620000004,-6.214077499999973],[106.7776644,-6.213722299999972],[106.77767960000006,-6.213680299999965],[106.77774830000004,-6.213585899999885],[106.77783990000017,-6.213533899999959],[106.77809160000004,-6.213503399999979],[106.77876300000014,-6.213471899999945],[106.77938860000006,-6.213442299999883],[106.77998660000014,-6.213416799999948],[106.78018210000016,-6.213408499999957],[106.78058750000014,-6.213373],[106.780703,-6.213364599999977],[106.78100120000005,-6.213358199999959],[106.78104690000009,-6.213360699999896],[106.78167740000004,-6.213333199999852],[106.78231830000016,-6.213301699999931],[106.78252430000015,-6.213286399999959],[106.7827837000001,-6.21321869999997],[106.78294390000002,-6.213102399999855],[106.78305840000007,-6.213005099999975],[106.78310140000008,-6.212984199999937],[106.78314990000001,-6.212960799999962],[106.78317280000016,-6.212946899999963],[106.78334830000011,-6.21269609999996],[106.78348560000012,-6.212414299999921],[106.7835543000001,-6.212162499999977],[106.783539,-6.211348099999896],[106.78351610000016,-6.211015699999962],[106.78351480000003,-6.211011099999837],[106.78350850000004,-6.210989999999867],[106.78350090000009,-6.21083689999989],[106.78347800000017,-6.210433499999908],[106.78337880000015,-6.209632399999975],[106.78337880000015,-6.209606199999939],[106.78334070000017,-6.209325799999931],[106.78326440000006,-6.208589599999925],[106.78323380000006,-6.208266299999934],[106.78321090000009,-6.207900099999904],[106.78317280000016,-6.207532899999819],[106.78316520000004,-6.207460899999887],[106.78314230000012,-6.207108999999889],[106.78314230000012,-6.206719899999939],[106.78315,-6.20672009999987],[106.78315,-6.20672],[106.78314000000012,-6.20654],[106.78313000000014,-6.2063],[106.78309,-6.20609],[106.78309,-6.20601],[106.78307000000018,-6.20572],[106.78303,-6.2053],[106.78296000000012,-6.20475],[106.78291,-6.20426],[106.78272000000015,-6.20269],[106.7827,-6.20262],[106.78266000000019,-6.20215],[106.78265,-6.202],[106.78264000000013,-6.20193],[106.78261000000015,-6.20156999999989],[106.78259,-6.20142],[106.78252000000015,-6.20097],[106.78243000000015,-6.200069999999869],[106.78239,-6.19975],[106.78235000000012,-6.19938],[106.7822900000001,-6.19884],[106.78228000000018,-6.19855],[106.78226000000012,-6.1981],[106.78223000000014,-6.197859999999878],[106.78222000000017,-6.19755],[106.7822000000001,-6.19719],[106.7822000000001,-6.19709],[106.78218,-6.196579999999869],[106.78218,-6.19652],[106.78211000000016,-6.1956],[106.78207,-6.19517],[106.78207,-6.194869999999867],[106.78209,-6.19417],[106.78212,-6.19367],[106.78216,-6.19343],[106.78219000000018,-6.1933],[106.78221,-6.19323],[106.78223000000014,-6.19267],[106.78223000000014,-6.1921],[106.78227,-6.191659999999899],[106.78228000000018,-6.19148],[106.78235000000012,-6.19098],[106.78239,-6.190739999999835],[106.78244,-6.19051],[106.78253,-6.19026],[106.783,-6.18922],[106.78313000000014,-6.18898],[106.78323,-6.18848],[106.78331000000014,-6.188119999999856],[106.78344,-6.187499999999886],[106.78349,-6.18685],[106.78345000000019,-6.18653],[106.78342,-6.18639],[106.78345000000019,-6.18626],[106.78341,-6.18582],[106.78335,-6.18547],[106.78332,-6.185289999999895],[106.7832,-6.18531999999982],[106.78301000000016,-6.18536],[106.78285000000011,-6.18539],[106.78263,-6.18543],[106.78254,-6.18522],[106.78251,-6.18515],[106.78245,-6.18507],[106.78242,-6.18501],[106.78237000000018,-6.18495],[106.78232,-6.184869999999876],[106.78227,-6.18479],[106.78222000000017,-6.18472],[106.78216,-6.18464],[106.78213,-6.18457],[106.78208000000012,-6.18451],[106.78205000000014,-6.18443],[106.782,-6.18435],[106.78196000000014,-6.18428],[106.78191,-6.1842],[106.7818700000002,-6.18413],[106.78183,-6.18405],[106.7818,-6.18398],[106.78175,-6.1839],[106.78172,-6.183829999999887],[106.78168000000011,-6.18376],[106.78164000000015,-6.18369],[106.7816,-6.183619999999848],[106.78156000000013,-6.18355],[106.78152000000017,-6.18348],[106.78148,-6.18341],[106.78145,-6.18336],[106.7813900000001,-6.18326],[106.78134,-6.18318],[106.7813000000001,-6.1831],[106.78125,-6.18303],[106.78122,-6.18297],[106.78117000000015,-6.18289],[106.78113,-6.18282],[106.78109000000012,-6.18273],[106.78104,-6.18265],[106.7809900000002,-6.18255],[106.78095,-6.18245],[106.78091000000018,-6.18238],[106.78087,-6.1823],[106.78082000000018,-6.18222],[106.78078,-6.18214],[106.78073000000018,-6.18204999999989],[106.78068000000013,-6.18197],[106.78064000000018,-6.18191],[106.7806100000002,-6.181829999999877],[106.78056000000015,-6.18176],[106.78053000000017,-6.18169],[106.78049,-6.181619999999839],[106.78045,-6.18153999999987],[106.78041000000019,-6.18147],[106.78037,-6.181379999999876],[106.78034,-6.181329999999889],[106.78031,-6.18127],[106.78028,-6.18121],[106.78024000000016,-6.18114],[106.78021000000012,-6.181079999999895],[106.78017,-6.180999999999869],[106.78014,-6.18094],[106.78010000000012,-6.180879999999888],[106.78007,-6.18081],[106.78004,-6.18074],[106.7800000000002,-6.18067],[106.77997000000016,-6.1806],[106.77994000000018,-6.180539999999894],[106.77992000000012,-6.18048],[106.77989000000014,-6.18042],[106.77986000000016,-6.18036],[106.77981000000011,-6.18026],[106.77978,-6.18017],[106.77977000000016,-6.18007],[106.77976,-6.17998],[106.77976,-6.179919999999868],[106.77976,-6.17982],[106.77976,-6.17973],[106.77976,-6.17966],[106.77976,-6.1796],[106.77976,-6.17953],[106.77976,-6.179459999999892],[106.77976,-6.17939],[106.77976,-6.17932],[106.77976,-6.179249999999854],[106.77975,-6.17918],[106.77975,-6.17911],[106.77975,-6.179039999999873],[106.77975,-6.17896],[106.77975,-6.17889],[106.77975,-6.1788],[106.77975,-6.17872],[106.77975,-6.17862],[106.77975,-6.178539999999884],[106.77975,-6.17843],[106.77974000000017,-6.178329999999846],[106.77974000000017,-6.17823],[106.77974000000017,-6.178129999999896],[106.77974000000017,-6.178039999999896],[106.77974000000017,-6.17794],[106.77974000000017,-6.17783999999989],[106.77974000000017,-6.177749999999889],[106.77974000000017,-6.17765],[106.77974000000017,-6.17756],[106.7797300000002,-6.177459999999883],[106.7797300000002,-6.17736],[106.7797300000002,-6.17728],[106.7797300000002,-6.17719],[106.7797300000002,-6.1771],[106.7797300000002,-6.17701],[106.7797300000002,-6.176919999999882],[106.77972000000011,-6.176829999999882],[106.77972000000011,-6.17674],[106.77972000000011,-6.17665],[106.77972000000011,-6.17655],[106.77972000000011,-6.17646],[106.77972000000011,-6.17637],[106.77971000000014,-6.17627],[106.77971000000014,-6.17617],[106.77971000000014,-6.176079999999843],[106.77971000000014,-6.17598],[106.77971000000014,-6.17587],[106.77971000000014,-6.17576],[106.7797,-6.175659999999823],[106.7797,-6.17556],[106.7797,-6.17545],[106.7797,-6.175339999999892],[106.7797,-6.17523],[106.7797,-6.17513],[106.7797,-6.17502],[106.7797,-6.174919999999872],[106.7797,-6.174829999999872],[106.7797,-6.174739999999815],[106.77968000000016,-6.17465],[106.77968000000016,-6.174579999999878],[106.77968000000016,-6.17448],[106.77968000000016,-6.174379999999871],[106.77968000000016,-6.1743],[106.77968000000016,-6.17424],[106.77968000000016,-6.17416],[106.77968000000016,-6.1741],[106.77968000000016,-6.174039999999877],[106.77968000000016,-6.17397],[106.77968000000016,-6.1739],[106.77968000000016,-6.17381],[106.77968000000016,-6.1737],[106.77968000000016,-6.173629999999889],[106.77968000000016,-6.17356],[106.77968000000016,-6.17349],[106.77968000000016,-6.173409999999819],[106.77968000000016,-6.17332],[106.77968000000016,-6.17322],[106.77968000000016,-6.173159999999825],[106.77967,-6.173089999999888],[106.77967,-6.17302],[106.77967,-6.17295],[106.77967,-6.172869999999875],[106.77967,-6.17278],[106.77967,-6.1727],[106.77966,-6.17261],[106.77966,-6.17252],[106.77966,-6.17241],[106.77966,-6.17232],[106.77965000000017,-6.17223],[106.77965000000017,-6.17212],[106.77965000000017,-6.17204],[106.77965000000017,-6.17195],[106.77965000000017,-6.17186],[106.77964,-6.17177],[106.77964,-6.171699999999817],[106.77964,-6.17161],[106.77964,-6.17153],[106.77964,-6.171459999999854],[106.77964,-6.171379999999886],[106.77963000000011,-6.1713],[106.77963000000011,-6.171219999999892],[106.77963000000011,-6.17115],[106.77963000000011,-6.17107],[106.77963000000011,-6.17099],[106.77963000000011,-6.170909999999822],[106.77963000000011,-6.170839999999885],[106.77963000000011,-6.17076],[106.7796200000002,-6.17069],[106.7796200000002,-6.170619999999872],[106.7796200000002,-6.17052],[106.7796200000002,-6.17041],[106.7796200000002,-6.17031],[106.7796200000002,-6.17022],[106.7796200000002,-6.17015],[106.7796200000002,-6.170079999999871],[106.7796200000002,-6.170009999999877],[106.7796200000002,-6.16995],[106.7796200000002,-6.16986],[106.7796200000002,-6.16977],[106.77961,-6.16966],[106.77961,-6.16959],[106.77961,-6.1695],[106.77961,-6.169419999999889],[106.77961,-6.169329999999832],[106.77961,-6.16924],[106.77960000000013,-6.16914],[106.77960000000013,-6.169039999999882],[106.77960000000013,-6.16894],[106.77960000000013,-6.16883],[106.77959,-6.168719999999894],[106.77959,-6.16862],[106.77959,-6.16851],[106.77959,-6.16841],[106.77958,-6.168299999999874],[106.77958,-6.16819],[106.77958,-6.1681],[106.77957000000015,-6.167999999999836],[106.77957000000015,-6.1679],[106.77957000000015,-6.16782],[106.77956000000017,-6.16773],[106.77956000000017,-6.167639999999892],[106.77956000000017,-6.167549999999892],[106.77954000000011,-6.167459999999892],[106.77954000000011,-6.167389999999898],[106.77954000000011,-6.16731],[106.77954000000011,-6.16724],[106.77954000000011,-6.16716],[106.77954000000011,-6.1671],[106.77954000000011,-6.167039999999872],[106.77954000000011,-6.166969999999878],[106.7795300000002,-6.166879999999878],[106.77952,-6.16678],[106.77952,-6.1667],[106.77951000000013,-6.16662],[106.7795300000002,-6.16652],[106.77960000000013,-6.166419999999846],[106.77967,-6.16637],[106.77976,-6.16631],[106.77985000000018,-6.166249999999877],[106.77993,-6.16621],[106.77999,-6.166179999999883],[106.78005,-6.16615],[106.78012000000018,-6.166129999999896],[106.78021000000012,-6.16611],[106.78028,-6.16608],[106.78028,-6.16602],[106.78029,-6.16592],[106.78026,-6.16557],[106.78017,-6.1651],[106.78014,-6.16497],[106.77989000000014,-6.16498],[106.77951000000013,-6.165],[106.77941,-6.16502],[106.77923,-6.164959999999837],[106.77894,-6.164879999999869],[106.7788,-6.16486],[106.77821,-6.16461],[106.77776000000011,-6.164419999999893],[106.77767000000011,-6.16439],[106.77756000000011,-6.16436],[106.77725,-6.16425],[106.77719000000019,-6.164219999999887],[106.77706000000012,-6.164129999999886],[106.77682000000016,-6.164039999999829],[106.77614000000017,-6.16379],[106.77587,-6.16367],[106.77564,-6.16357],[106.77511,-6.163369999999816],[106.77402000000012,-6.162959999999885],[106.77381000000014,-6.16288],[106.77323000000013,-6.162639999999897],[106.77236,-6.16227],[106.77229000000011,-6.16225],[106.77144000000015,-6.16193],[106.77063,-6.16165],[106.76989000000015,-6.16126],[106.7698,-6.161179999999888],[106.76966000000016,-6.16107],[106.76957000000016,-6.16091],[106.76913000000013,-6.15983]]]}},{"type":"Feature","properties":{"adm3_name":"Kembangan","adm3_name1":null,"adm3_name2":null,"adm3_name3":null,"adm3_pcode":"ID3174010","adm2_name":"Kota Jakarta Barat","adm2_name1":null,"adm2_name2":null,"adm2_name3":null,"adm2_pcode":"ID3174","adm1_name":"Dki Jakarta","adm1_name1":null,"adm1_name2":null,"adm1_name3":null,"adm1_pcode":"ID31","adm0_name":"Indonesia","adm0_name1":null,"adm0_name2":null,"adm0_name3":null,"adm0_pcode":"ID","valid_on":"2020-04-01","valid_to":null,"area_sqkm":25.11735992,"version":"v01","lang":"en","lang1":null,"lang2":null,"lang3":null,"adm3_ref_name":"Kembangan","center_lat":-6.19119245,"center_lon":106.7367189},"geometry":{"type":"Polygon","coordinates":[[[106.75,-6.157919999999876],[106.74785000000014,-6.157969999999864],[106.74773,-6.15804],[106.74770000000018,-6.15822],[106.7476700000002,-6.15865],[106.74761,-6.1591],[106.74757000000011,-6.1594],[106.74756000000014,-6.159669999999835],[106.74753000000015,-6.15989],[106.74754,-6.16006],[106.74757000000011,-6.160299999999893],[106.74759000000017,-6.160579999999811],[106.74764,-6.16083],[106.7477600000002,-6.161249999999825],[106.74783000000014,-6.1616],[106.74796,-6.16214],[106.74803000000014,-6.16245999999984],[106.7481,-6.16272],[106.7483600000001,-6.16374],[106.74847000000011,-6.1642],[106.74856000000011,-6.16458],[106.74867000000017,-6.16494],[106.74873000000014,-6.16524],[106.74877,-6.16557],[106.7487500000002,-6.1657],[106.74857,-6.16577],[106.7483600000001,-6.165749999999832],[106.74815000000012,-6.165709999999876],[106.74782000000016,-6.16553],[106.74754,-6.16534],[106.74748000000011,-6.165299999999888],[106.7474,-6.16529],[106.74726,-6.16534],[106.74707000000012,-6.165389999999888],[106.74700000000018,-6.165379999999857],[106.74694,-6.165329999999869],[106.74688,-6.16519],[106.74682,-6.16506],[106.74675,-6.16502],[106.7466800000002,-6.16502],[106.74660000000011,-6.16504],[106.74651000000011,-6.16511],[106.74646,-6.16519],[106.74645000000015,-6.16525],[106.74644,-6.16534],[106.74645000000015,-6.1654],[106.74648000000013,-6.16549],[106.74658,-6.165589999999895],[106.7467,-6.16573],[106.74672,-6.16582],[106.74669000000011,-6.16588],[106.74654000000015,-6.16595999999987],[106.74637000000013,-6.16603],[106.74622000000011,-6.166089999999883],[106.74607000000015,-6.165929999999889],[106.7458900000002,-6.16573],[106.7458000000002,-6.16567],[106.74573,-6.165679999999895],[106.74565,-6.16578],[106.74561000000011,-6.1659],[106.74565,-6.166089999999883],[106.74568,-6.166219999999896],[106.74566000000016,-6.16631],[106.74552000000011,-6.16644],[106.74540000000013,-6.166499999999871],[106.74524,-6.16651],[106.74502000000012,-6.16643],[106.74492,-6.16639],[106.74462,-6.16664],[106.74453000000011,-6.1667],[106.74436,-6.16669],[106.7441500000001,-6.16653],[106.74408000000017,-6.16636],[106.74408000000017,-6.16615],[106.74409,-6.16604],[106.74405000000019,-6.16597],[106.74395,-6.16595],[106.74385000000012,-6.16602],[106.74379000000016,-6.16636],[106.74377,-6.16649],[106.74333000000013,-6.166539999999827],[106.7431,-6.16655],[106.74288000000018,-6.16649],[106.74274000000014,-6.16646],[106.74259000000018,-6.16649],[106.74250000000018,-6.16656],[106.74173,-6.167299999999898],[106.74167,-6.167389999999898],[106.7417200000001,-6.167549999999892],[106.74175000000014,-6.16769],[106.74175000000014,-6.16789],[106.7416800000002,-6.167999999999836],[106.7415900000002,-6.168089999999893],[106.7413900000002,-6.168119999999817],[106.74129,-6.1681],[106.7412100000002,-6.16806],[106.74119000000013,-6.167929999999899],[106.74119000000013,-6.16782],[106.74113000000017,-6.167749999999842],[106.74084000000016,-6.16768],[106.74061000000012,-6.16757],[106.74053,-6.16754],[106.74044,-6.16757],[106.74035,-6.167709999999886],[106.74031000000014,-6.167839999999899],[106.74034000000017,-6.16795999999988],[106.74043000000012,-6.16815],[106.74048,-6.16819],[106.74046000000016,-6.16841],[106.74041000000011,-6.16857],[106.74035,-6.16862],[106.74027,-6.16864],[106.74013000000019,-6.16858],[106.74004000000019,-6.168499999999881],[106.7400300000001,-6.16816],[106.74002000000013,-6.16808],[106.73997,-6.16802],[106.73972,-6.168209999999874],[106.73966000000019,-6.168249999999887],[106.7396,-6.16822],[106.73959,-6.16813],[106.7396,-6.16802],[106.73957,-6.16795999999988],[106.73951,-6.16792],[106.73942,-6.16795],[106.7393400000002,-6.16803],[106.73927,-6.16819],[106.73935000000012,-6.168429999999887],[106.7394,-6.16864],[106.73937000000018,-6.1687],[106.73924000000011,-6.16874],[106.73912000000013,-6.16874],[106.73904,-6.1688],[106.73900000000015,-6.16925],[106.73897000000011,-6.16952],[106.73893,-6.16964],[106.7388,-6.169759999999883],[106.73871000000014,-6.16979],[106.7386,-6.16979],[106.73853000000014,-6.16975],[106.73857,-6.16914],[106.73857,-6.169039999999882],[106.73845000000011,-6.168879999999888],[106.73828,-6.168749999999875],[106.73812000000015,-6.1687],[106.73800000000017,-6.1687],[106.73791000000017,-6.16876],[106.73781,-6.16899],[106.73773,-6.169339999999863],[106.73773,-6.169579999999826],[106.73775,-6.169669999999883],[106.7380800000002,-6.169829999999877],[106.73820000000018,-6.1699],[106.73829000000018,-6.17003],[106.73833000000013,-6.17019],[106.73833000000013,-6.17032],[106.73825,-6.170549999999878],[106.73820000000018,-6.17063],[106.73809000000017,-6.17066],[106.73800000000017,-6.17065],[106.73785,-6.17054],[106.73779000000019,-6.17045],[106.73779000000019,-6.17022],[106.73781,-6.17007],[106.73777000000013,-6.16999],[106.73762000000016,-6.16991],[106.73750000000018,-6.169889999999896],[106.7371800000002,-6.17002],[106.73679,-6.170169999999871],[106.73654000000016,-6.17029],[106.73641,-6.170339999999896],[106.73622000000017,-6.17033],[106.73607000000015,-6.17026],[106.73594,-6.170119999999827],[106.7358,-6.16995999999989],[106.73571,-6.169919999999877],[106.7356,-6.16998],[106.73548,-6.17015],[106.73541000000012,-6.170299999999884],[106.73540000000014,-6.17041],[106.73544,-6.17054],[106.73556,-6.170679999999891],[106.73566000000017,-6.17077],[106.73571,-6.17089],[106.73569,-6.170969999999897],[106.73544,-6.17114],[106.73527,-6.171219999999892],[106.73518,-6.17123],[106.73512000000011,-6.17118],[106.73511000000013,-6.17105],[106.73511000000013,-6.170969999999897],[106.73507,-6.170909999999822],[106.73472,-6.17112],[106.73453000000012,-6.17121],[106.7344300000002,-6.17126],[106.73435000000012,-6.17133],[106.73439,-6.17157],[106.73439,-6.17166],[106.7343400000002,-6.17174],[106.7342500000002,-6.17177],[106.7340500000002,-6.17172],[106.73363,-6.171539999999879],[106.73349,-6.17152],[106.73342000000014,-6.17153],[106.7333500000002,-6.17162],[106.73328,-6.17178],[106.73321000000016,-6.171959999999899],[106.7330600000002,-6.17211],[106.73286000000013,-6.172209999999893],[106.73277000000013,-6.172249999999849],[106.73268000000019,-6.17244],[106.7326000000001,-6.17259],[106.73255,-6.17269],[106.73246,-6.172749999999894],[106.73239000000018,-6.17273],[106.7322700000002,-6.17272],[106.73217,-6.17269],[106.73207000000014,-6.17273],[106.73191,-6.17291],[106.73183000000017,-6.17335],[106.73182,-6.17343],[106.73176,-6.17369],[106.7317000000001,-6.17378],[106.73156,-6.173829999999839],[106.73148,-6.17385],[106.73146000000014,-6.17394],[106.73148,-6.174039999999877],[106.73186,-6.17414],[106.73192000000017,-6.17416],[106.73192000000017,-6.1743],[106.73185,-6.17444],[106.73148,-6.17469],[106.73112,-6.17486],[106.7309200000002,-6.17494],[106.73079000000013,-6.17503],[106.73076,-6.17511],[106.73087000000015,-6.17538],[106.73096000000015,-6.1756],[106.7310100000002,-6.17585],[106.7310100000002,-6.17595],[106.73093000000017,-6.176039999999887],[106.73083,-6.176089999999874],[106.73069,-6.17607],[106.73058000000015,-6.17598],[106.73047,-6.17586],[106.73024,-6.17574],[106.73011000000014,-6.17569],[106.73003000000011,-6.1756],[106.7299,-6.17535],[106.72981,-6.17524],[106.72964000000019,-6.17515],[106.72942,-6.17511],[106.72926000000018,-6.175119999999879],[106.72916,-6.17516],[106.7291,-6.17523],[106.72909000000016,-6.175289999999848],[106.72938000000016,-6.17545],[106.72950000000014,-6.17551],[106.72957,-6.175589999999886],[106.72959000000014,-6.17571],[106.72955000000019,-6.1758],[106.72943,-6.175879999999893],[106.72933000000012,-6.17592],[106.72907,-6.1758],[106.72897000000017,-6.17576],[106.72871000000015,-6.175959999999861],[106.72859000000017,-6.176039999999887],[106.72851,-6.1761],[106.72848870000013,-6.176116],[106.7283900000001,-6.17619],[106.72814,-6.17636],[106.72796,-6.17649],[106.72792020000014,-6.176518799999826],[106.72778000000011,-6.17662],[106.7277,-6.17674],[106.7277,-6.17715],[106.72769000000011,-6.17734],[106.72762000000017,-6.177539999999851],[106.72757000000013,-6.17763],[106.72747,-6.177669999999864],[106.72740060000018,-6.177626199999963],[106.72739730000006,-6.177628499999969],[106.72731370000008,-6.177616799999896],[106.72729850000007,-6.177608199999895],[106.72723,-6.177569299999959],[106.72717630000005,-6.177480799999842],[106.72710000000018,-6.17743],[106.72695000000016,-6.17736],[106.72693530000004,-6.17736],[106.72685,-6.17736],[106.72673,-6.17743],[106.72660000000019,-6.1777],[106.72656,-6.17793],[106.72664290000017,-6.178048899999965],[106.72670920000013,-6.178123],[106.72677060000007,-6.178191799999979],[106.72680810000014,-6.178239099999871],[106.72688,-6.1783],[106.72696000000013,-6.17844],[106.727,-6.178629999999885],[106.72699000000011,-6.178759999999897],[106.72694,-6.17885],[106.72679000000011,-6.17891],[106.72660000000019,-6.17891],[106.72635,-6.17882],[106.72621,-6.17874],[106.72616640000018,-6.178696399999978],[106.72602000000012,-6.17855],[106.72595,-6.17851],[106.72588000000013,-6.178539999999884],[106.7257200000002,-6.17874],[106.72545,-6.1794],[106.72537000000017,-6.17957],[106.72527,-6.179749999999899],[106.7252595000001,-6.179807799999821],[106.72531220000019,-6.179816699999947],[106.7254196,-6.17980039999992],[106.7255042000001,-6.179780999999821],[106.72557850000004,-6.179764],[106.725678,-6.179783599999951],[106.72573810000011,-6.179902799999866],[106.72578,-6.179999999999893],[106.7258100000002,-6.180089999999893],[106.7258100000002,-6.18024],[106.72561000000013,-6.18051],[106.72555510000007,-6.180580299999974],[106.72536,-6.180829999999844],[106.72526000000016,-6.18099],[106.72519,-6.18103],[106.72513330000015,-6.181000699999913],[106.72510530000011,-6.181019499999877],[106.72506700000014,-6.180994099999907],[106.72488000000016,-6.18087],[106.72478,-6.180819999999812],[106.72466,-6.18087],[106.72455000000019,-6.18096],[106.7244500000001,-6.1811],[106.72441000000015,-6.181249999999864],[106.72446000000019,-6.18144],[106.72472,-6.181799999999896],[106.7248400000002,-6.18198],[106.72488000000016,-6.18213],[106.72487,-6.18222],[106.72463,-6.18235],[106.7244,-6.18245],[106.7242700000001,-6.18252],[106.72415000000012,-6.18256],[106.72406000000018,-6.18264],[106.72409000000016,-6.182949999999835],[106.7242700000001,-6.183199999999829],[106.72432,-6.18331],[106.72437,-6.18352],[106.72432,-6.18369],[106.72425,-6.1838],[106.72415000000012,-6.183859999999811],[106.72406000000018,-6.183869999999843],[106.72396,-6.18388],[106.72355,-6.183699999999874],[106.7234,-6.18364],[106.72333000000015,-6.18364],[106.72323,-6.18382],[106.72316000000012,-6.184],[106.72303,-6.18422],[106.72298000000012,-6.18439],[106.72298000000012,-6.18452],[106.72306,-6.18464],[106.72315,-6.18472],[106.72346,-6.18481],[106.7237600000002,-6.18485],[106.72387,-6.184869999999876],[106.72409000000016,-6.1849],[106.72423,-6.184959999999876],[106.72435000000019,-6.185079999999857],[106.72439,-6.18518],[106.72437,-6.18535],[106.72423,-6.18564],[106.7241,-6.18582],[106.72403000000014,-6.18586],[106.72389,-6.1858],[106.72377000000012,-6.18571],[106.72355,-6.185699999999883],[106.72329,-6.18565],[106.72315,-6.18562999999989],[106.72280000000018,-6.18559],[106.7227,-6.18561],[106.72254000000015,-6.18574],[106.72244,-6.185869999999852],[106.72241,-6.185989999999833],[106.72233000000017,-6.186289999999872],[106.72227,-6.186459999999897],[106.72219000000013,-6.18656],[106.72185,-6.18668],[106.72165,-6.18677],[106.72158000000013,-6.18681],[106.72153,-6.1869],[106.72139,-6.18704],[106.72131000000019,-6.18707],[106.72118,-6.186999999999898],[106.72104,-6.18688],[106.7209000000002,-6.18684],[106.72044000000011,-6.187089999999898],[106.72011,-6.18719],[106.71975,-6.187339999999892],[106.71942000000013,-6.18749],[106.7191600000001,-6.18765],[106.71902,-6.18773],[106.71888000000018,-6.18776],[106.7187,-6.187789999999893],[106.71813000000014,-6.18777],[106.71801000000016,-6.18778],[106.7179000000001,-6.18784],[106.7177700000002,-6.18803],[106.71751000000017,-6.188239999999837],[106.71745,-6.18832],[106.71740000000011,-6.18853],[106.71734000000015,-6.1888],[106.71722000000017,-6.18909],[106.7171100000001,-6.18923],[106.71697,-6.18942],[106.71690000000012,-6.189499999999896],[106.71681000000018,-6.18967],[106.7166888000001,-6.189763199999902],[106.71668,-6.18977],[106.71648370000014,-6.189828899999952],[106.71641560000006,-6.18995289999998],[106.71637750000008,-6.190136],[106.71636980000017,-6.1905746999999],[106.71640800000011,-6.191041499999926],[106.71644370000007,-6.191349699999932],[106.71650720000014,-6.191897399999959],[106.71655370000008,-6.192020399999876],[106.7165636000002,-6.192046599999912],[106.71659300000016,-6.192124199999967],[106.71670550000005,-6.192421499999966],[106.71682729999998,-6.192835799999955],[106.71688330000018,-6.193026199999963],[106.71690290000004,-6.193093199999851],[106.71691150000004,-6.193122399999936],[106.71729760000017,-6.193077799999969],[106.71756160000018,-6.192929399999969],[106.71764760000019,-6.193028399999889],[106.7179141000002,-6.192908799999941],[106.71791880000006,-6.19288],[106.71793480000014,-6.192871099999934],[106.71920380000017,-6.192166199999974],[106.71962870000016,-6.191990199999964],[106.72071810000006,-6.191544499999964],[106.72074840000005,-6.191631699999959],[106.72111910000018,-6.191570499999955],[106.72145160000014,-6.19145919999994],[106.72148140000013,-6.191449199999965],[106.72178660000014,-6.191344499999843],[106.72211930000014,-6.191343399999937],[106.72234870000011,-6.191440899999918],[106.72278000000011,-6.191559599999948],[106.7227903000001,-6.191693399999849],[106.7228396000001,-6.191709499999945],[106.72290060000017,-6.191729099999975],[106.72309160000015,-6.191807099999949],[106.72311880000007,-6.191755],[106.72324960000009,-6.191732799999897],[106.72339690000018,-6.191721399999949],[106.72339650000015,-6.191623099999958],[106.72405090000012,-6.191571899999929],[106.72405390000017,-6.19158369999991],[106.72417190000016,-6.192049499999825],[106.724192,-6.192129],[106.724319,-6.192668199999957],[106.72445140000019,-6.193137299999933],[106.72459860000015,-6.193939199999932],[106.7244265000001,-6.194703999999888],[106.7242700000001,-6.195206699999915],[106.72408150000018,-6.195567799999935],[106.72384170000004,-6.196026899999936],[106.72394260000004,-6.196159099999932],[106.72393050000011,-6.19617559999989],[106.72394600000013,-6.196187599999973],[106.72394420000018,-6.196197099999893],[106.72377690000019,-6.196413299999904],[106.72364320000014,-6.196629399999949],[106.72342570000006,-6.196962],[106.72332540000014,-6.197128199999838],[106.72327520000005,-6.197194699999898],[106.72340900000012,-6.197327799999925],[106.7235763000001,-6.19742749999989],[106.72377690000019,-6.19752729999982],[106.72371000000015,-6.197626999999898],[106.72370190000004,-6.197629099999972],[106.72375460000012,-6.197650699999883],[106.72370170000016,-6.197740099999919],[106.72353380000015,-6.197946099999911],[106.72351090000018,-6.197972799999889],[106.72353380000015,-6.197995699999922],[106.7238210000001,-6.198200899999961],[106.7239534000002,-6.198295599999881],[106.7239153000001,-6.198352799999896],[106.7236559000001,-6.198726699999952],[106.7235720000001,-6.198842499999841],[106.72338120000012,-6.199129099999936],[106.72340410000004,-6.199477699999818],[106.72344230000004,-6.19977519999992],[106.7234499000001,-6.199849599999936],[106.72342830000014,-6.199991299999965],[106.72341940000007,-6.200049899999897],[106.7234499000001,-6.200074699999902],[106.72349780000019,-6.200139599999943],[106.72352620000004,-6.200178199999868],[106.72358720000011,-6.200321699999904],[106.72363300000018,-6.201427499999852],[106.72382370000014,-6.202402099999915],[106.72396870000006,-6.20316459999998],[106.7240293000001,-6.203440099999909],[106.72402970000013,-6.203442099999904],[106.72415940000019,-6.204025299999955],[106.7241808,-6.204129799999976],[106.72419550000018,-6.204201899999873],[106.72420040000003,-6.204225899999926],[106.7242207000001,-6.204325599999834],[106.72417200000018,-6.204611099999909],[106.72437070000012,-6.204693399999883],[106.7244877,-6.204751599999895],[106.72446270000006,-6.205607899999961],[106.7244543000001,-6.206464099999948],[106.7244125000002,-6.206663699999922],[106.72443760000016,-6.207037799999966],[106.72442080000019,-6.207386899999904],[106.72439580000002,-6.207603099999915],[106.72422010000008,-6.207619699999896],[106.72398190000007,-6.207596],[106.72396930000014,-6.207594699999959],[106.72381880000012,-6.207603099999915],[106.72376020000002,-6.207844099999875],[106.72373510000011,-6.208018699999968],[106.72374000000013,-6.208052799999848],[106.72367880000007,-6.208097],[106.72333550000008,-6.208270099999879],[106.72309430000018,-6.208369299999902],[106.7228819,-6.208456699999942],[106.72251150000011,-6.208609099999933],[106.72196980000007,-6.208849899999962],[106.7212297000001,-6.20911689999997],[106.72064230000018,-6.209387299999946],[106.72016930000012,-6.209604299999967],[106.72009360000004,-6.210127799999952],[106.72008530000011,-6.210185099999876],[106.72008710000006,-6.210189999999841],[106.7201082000002,-6.210248],[106.72009300000019,-6.21046739999997],[106.72003960000006,-6.210610899999949],[106.71996330000013,-6.210708199999885],[106.72000140000006,-6.21079589999988],[106.72006240000013,-6.210963299999946],[106.72005480000007,-6.211297],[106.72000900000018,-6.211682799999892],[106.7199340000002,-6.212066199999981],[106.71991750000007,-6.212150099999917],[106.71983360000007,-6.212504899999885],[106.71987170000017,-6.212614599999881],[106.7199480000001,-6.212850599999967],[106.71990220000004,-6.213026999999897],[106.71970390000013,-6.213403699999901],[106.71964290000005,-6.213682199999937],[106.71961230000005,-6.214007399999957],[106.719681,-6.214040299999908],[106.71980300000018,-6.214119499999981],[106.71983360000007,-6.214195299999972],[106.71979540000007,-6.214235299999871],[106.71970390000013,-6.214221499999894],[106.71958940000007,-6.214232],[106.71939870000011,-6.214319299999886],[106.71926140000011,-6.214423199999885],[106.71917740000009,-6.214567199999976],[106.71916220000008,-6.214716399999816],[106.71913170000005,-6.214854699999876],[106.71907060000018,-6.215046399999949],[106.71898670000013,-6.215590499999905],[106.71896570000018,-6.21563059999994],[106.71892570000006,-6.215706799999964],[106.71892140000006,-6.215711],[106.71888750000011,-6.215743499999974],[106.7186129000001,-6.215967699999965],[106.71858240000006,-6.216084499999965],[106.71856710000009,-6.216402599999981],[106.71853660000005,-6.216634799999895],[106.71842980000008,-6.217032899999879],[106.71827560000008,-6.217419899999925],[106.71816270000016,-6.217703299999926],[106.71814310000013,-6.217743899999846],[106.71822440000011,-6.21778669999992],[106.7185087000002,-6.217903099999944],[106.71837490000013,-6.2186678999999],[106.71807390000009,-6.219632199999921],[106.71797350000014,-6.220031199999823],[106.71797350000014,-6.22004789999994],[106.718007,-6.220230799999911],[106.71797350000014,-6.220579899999905],[106.71794010000008,-6.220945699999902],[106.71799020000009,-6.221278199999972],[106.71805710000012,-6.221710499999858],[106.71825780000006,-6.221826899999883],[106.71829130000015,-6.222176],[106.71824120000008,-6.222806999999875],[106.71825780000006,-6.222807799999941],[106.71825780000006,-6.223123699999974],[106.71826620000002,-6.2236390999999],[106.7182327000001,-6.223988199999951],[106.71824110000011,-6.224129599999912],[106.7182304000001,-6.224172299999964],[106.71825040000016,-6.224172099999976],[106.718445,-6.22417019999989],[106.71862050000004,-6.224168799999973],[106.71866630000011,-6.224169699999948],[106.71941390000012,-6.224186399999894],[106.71965810000012,-6.224192099999925],[106.72016930000012,-6.224208799999872],[106.72063470000006,-6.224223599999959],[106.72065910000015,-6.224223599999959],[106.72066970000014,-6.224223599999959],[106.72071860000011,-6.224223599999959],[106.72124500000012,-6.224220299999956],[106.7217409000001,-6.224238899999875],[106.72236660000004,-6.22425219999991],[106.72247340000013,-6.224254599999938],[106.72270989999998,-6.224259899999936],[106.7235720000001,-6.224266099999909],[106.72380850000013,-6.22427029999983],[106.72390770000015,-6.22427609999994],[106.72522750000013,-6.224327099999925],[106.72576160000006,-6.224337099999957],[106.72695930000003,-6.224359199999981],[106.7270501000001,-6.224360899999965],[106.72705100000019,-6.224360899999965],[106.72705100000019,-6.224331899999925],[106.72759270000006,-6.224311899999975],[106.7283556000001,-6.224283699999944],[106.72892780000006,-6.22423219999996],[106.7289583000001,-6.224229799999932],[106.7294924000002,-6.224184],[106.72966020000007,-6.224178299999949],[106.73016380000018,-6.224161099999947],[106.73037740000007,-6.224175499999888],[106.73058340000006,-6.224153499999943],[106.73079700000017,-6.224142099999881],[106.73098770000013,-6.224092],[106.73130050000009,-6.224048599999946],[106.73151420000016,-6.224012899999934],[106.73211690000011,-6.223915099999942],[106.73217790000018,-6.223908],[106.73251360000006,-6.223965699999951],[106.732651,-6.223969499999896],[106.7328341000001,-6.223975199999927],[106.73304770000004,-6.223982299999875],[106.73316210000007,-6.2239813999999],[106.73346730000014,-6.223978999999872],[106.73361230000006,-6.223977599999955],[106.73378010000005,-6.223974699999872],[106.73384120000014,-6.22397849999993],[106.7339298,-6.223984099999939],[106.7339341,-6.22398429999987],[106.73400900000019,-6.223989],[106.73478720000008,-6.223960899999895],[106.73505420000015,-6.223958],[106.73532890000013,-6.223951399999976],[106.73553490000012,-6.22395419999998],[106.73579430000012,-6.223927],[106.73599260000015,-6.223906499999941],[106.73643510000016,-6.223883199999932],[106.73686240000018,-6.223778699999912],[106.73693870000011,-6.223686199999975],[106.73696920000015,-6.223683799999947],[106.7373155000002,-6.223623099999941],[106.7373722000001,-6.223613199999818],[106.73741030000002,-6.22360649999996],[106.73741330000013,-6.223606],[106.7375213000002,-6.223686499999928],[106.73780050000016,-6.223663099999953],[106.73868660000011,-6.223588599999914],[106.74034380000012,-6.223449399999936],[106.7406282,-6.223425499999905],[106.74185050000006,-6.223322799999949],[106.74252320000016,-6.223266199999955],[106.74370800000014,-6.223123499999872],[106.74397010000013,-6.223080099999947],[106.74440540000006,-6.223007899999914],[106.74481350000008,-6.223222399999884],[106.74497030000009,-6.22330479999988],[106.74505220000015,-6.22329469999994],[106.74570870000008,-6.223213299999941],[106.74668290000005,-6.223092599999973],[106.7472258000002,-6.223025299999847],[106.74731240000011,-6.223014599999942],[106.74739190000008,-6.223025999999891],[106.74739270000015,-6.223026099999913],[106.74739270000015,-6.223003399999811],[106.74740789999998,-6.223003399999811],[106.7482548000001,-6.223148299999878],[106.74902920000005,-6.223070099999973],[106.74905070000005,-6.223068399999931],[106.74905200000012,-6.223068199999943],[106.74905200000012,-6.222804999999823],[106.74949460000016,-6.222745899999893],[106.74969290000007,-6.222719199999915],[106.75024310000009,-6.222664199999883],[106.75024350000012,-6.222660799999971],[106.75024400000018,-6.222656099999938],[106.7504610000002,-6.222650699999917],[106.75046110000005,-6.222650699999917],[106.75070110000019,-6.222659199999839],[106.75070080000012,-6.222849499999938],[106.75070080000012,-6.222902199999965],[106.75073430000009,-6.222898499999928],[106.75074580000012,-6.222898499999928],[106.75122640000012,-6.222917599999903],[106.75148200000012,-6.222929],[106.75196270000009,-6.22293279999991],[106.7520390000002,-6.22293279999991],[106.75279650000016,-6.222941099999957],[106.7530814000001,-6.222944199999972],[106.75308420000016,-6.222944299999881],[106.75353430000013,-6.22294809999994],[106.7539285000002,-6.222951599999874],[106.75418280000014,-6.22293279999991],[106.75420570000006,-6.222953799999971],[106.75467330000004,-6.222957599999916],[106.75467490000017,-6.222957599999916],[106.75483890000004,-6.222959499999888],[106.75506780000018,-6.222961399999974],[106.75519750000007,-6.222963299999947],[106.75539210000017,-6.222965199999919],[106.75553320000012,-6.222967099999892],[106.75586890000017,-6.222969099999887],[106.75614190000005,-6.222972199999958],[106.7567264000001,-6.222978699999885],[106.75672710000015,-6.222978599999976],[106.75672720000017,-6.222978599999976],[106.75688030000003,-6.222967599999947],[106.75700520000004,-6.222958599999913],[106.75713660000008,-6.222947299999873],[106.7572002,-6.222942399999909],[106.75729180000013,-6.222934699999882],[106.757295,-6.222934499999951],[106.75736089999998,-6.222932899999932],[106.75736100000017,-6.222932899999932],[106.75738540000009,-6.222931099999869],[106.75738790000008,-6.222930899999938],[106.7574823000001,-6.222934199999941],[106.75755120000014,-6.222936599999969],[106.75766160000018,-6.222975099999928],[106.75785259999998,-6.223041499999852],[106.75791390000012,-6.22304239999994],[106.75810660000008,-6.223045299999967],[106.75810810000019,-6.223045299999967],[106.7582070000002,-6.22304679999985],[106.75832690000016,-6.22313719999994],[106.75832940000004,-6.223139099999912],[106.75833720000014,-6.223144999999874],[106.75833830000005,-6.223145899999963],[106.75850700000012,-6.223122299999943],[106.75855860000013,-6.223115099999973],[106.7585812000001,-6.223112099999923],[106.75866510000009,-6.223100699999975],[106.75881370000013,-6.223079699999971],[106.75881390000012,-6.223079699999971],[106.75886730000013,-6.223081599999887],[106.75892250000004,-6.223085299999923],[106.75892450000003,-6.223085399999945],[106.75898690000008,-6.223088599999926],[106.75898730000011,-6.223089799999855],[106.75928960000005,-6.223115399999926],[106.7595217000001,-6.223135],[106.76014430000009,-6.223143099999902],[106.76014080000016,-6.223146399999905],[106.76014140000018,-6.223146399999905],[106.7602100000002,-6.223138799999901],[106.76021050000003,-6.223138899999981],[106.76026340000016,-6.223144499999933],[106.76028630000013,-6.223144499999933],[106.7603283000002,-6.223144499999933],[106.7603626,-6.223144499999933],[106.76037790000004,-6.223144499999933],[106.76083000000017,-6.223155899999881],[106.76083180000012,-6.223156],[106.76094080000007,-6.223158399999932],[106.76130590000008,-6.223139199999935],[106.76130660000013,-6.223139199999935],[106.76151290000018,-6.22312839999995],[106.76158930000008,-6.223124399999961],[106.76159780000006,-6.223123899999905],[106.76160390000007,-6.223123599999894],[106.76160450000009,-6.223123599999894],[106.7616066000001,-6.223123699999974],[106.76161450000006,-6.22312409999995],[106.7617719000001,-6.223132],[106.76189230000011,-6.223138099999915],[106.76190290000011,-6.223138699999879],[106.76190470000006,-6.223138799999901],[106.76208510000009,-6.223147899999958],[106.76249710000008,-6.223136399999873],[106.7625038000001,-6.223136],[106.76250760000005,-6.223135799999909],[106.76327530000015,-6.223085],[106.76425190000015,-6.223140299999955],[106.76427990000013,-6.223136699999827],[106.76494720000011,-6.223052299999949],[106.76550050000003,-6.222982399999921],[106.76555,-6.222980799999959],[106.76554890000017,-6.222976199999948],[106.765548,-6.222891099999913],[106.76555,-6.222891399999867],[106.76555,-6.22288],[106.76560000000012,-6.22279],[106.76587,-6.22266],[106.76594000000017,-6.22259],[106.76597,-6.2225],[106.76595000000015,-6.222439999999892],[106.76585090000009,-6.222383299999933],[106.7658492000001,-6.222382399999958],[106.76576740000013,-6.222335699999974],[106.76574000000016,-6.22232],[106.76547,-6.22221],[106.76537,-6.222149999999885],[106.76533000000018,-6.22209],[106.76535,-6.22201],[106.76552,-6.22191],[106.7655900000002,-6.221859999999879],[106.76562000000018,-6.22179],[106.76547,-6.2216],[106.76531000000011,-6.2214],[106.76526,-6.2213],[106.76527000000016,-6.22112],[106.76530000000014,-6.22095],[106.76526,-6.22072],[106.7652100000002,-6.22056],[106.76543,-6.22039],[106.76552,-6.22033],[106.76553000000018,-6.219939999999895],[106.7655000000002,-6.21972],[106.7653200000002,-6.21929],[106.76522000000011,-6.219139999999868],[106.7651200000002,-6.219],[106.76507000000015,-6.218859999999893],[106.76508,-6.21879],[106.76529,-6.21868],[106.7654100000002,-6.218569999999886],[106.76534,-6.21837],[106.76511,-6.21818],[106.76495000000017,-6.218029999999885],[106.76485,-6.21792],[106.76474000000019,-6.21776],[106.76467,-6.21768],[106.76456,-6.21742],[106.76437000000016,-6.21701],[106.7643300000002,-6.216949999999883],[106.7643,-6.216899999999896],[106.76421,-6.21684],[106.7638600000002,-6.21678],[106.76371,-6.21674],[106.76356,-6.21653],[106.76347,-6.21629],[106.76345,-6.21608],[106.76343000000014,-6.21595],[106.76336,-6.21588],[106.76327,-6.215849999999818],[106.76314000000013,-6.21592],[106.76296000000019,-6.216069999999888],[106.76283,-6.2162],[106.7627700000001,-6.216159999999888],[106.76273000000015,-6.21606],[106.76274,-6.21575],[106.76275,-6.21522],[106.76274,-6.21495],[106.7627700000001,-6.214859999999874],[106.76286,-6.21478],[106.76332000000014,-6.21467],[106.76340000000016,-6.21464],[106.76358000000016,-6.21463],[106.76412,-6.21466],[106.76419000000016,-6.21466],[106.76441,-6.214449999999886],[106.76447,-6.214359999999886],[106.76434000000012,-6.213779999999872],[106.76431000000014,-6.21365],[106.76459,-6.213569999999891],[106.76485,-6.21342],[106.76517,-6.213109999999858],[106.76566,-6.21247],[106.76585,-6.21219],[106.76613,-6.21155],[106.7662000000002,-6.211349999999811],[106.76624000000015,-6.21096],[106.76624000000015,-6.21073],[106.76618000000013,-6.210529999999892],[106.76578,-6.20989],[106.76555,-6.20925],[106.76540000000011,-6.20913],[106.76524000000018,-6.20906],[106.76510000000013,-6.20906],[106.76483000000019,-6.20912],[106.7647300000001,-6.2091],[106.7647,-6.20896],[106.76481000000013,-6.20865],[106.76482,-6.208149999999875],[106.76482,-6.207939999999837],[106.76496,-6.20768],[106.76507000000015,-6.207519999999818],[106.76511,-6.20741],[106.76511,-6.207319999999868],[106.76496,-6.207199999999887],[106.76483000000019,-6.20713],[106.76467,-6.207039999999893],[106.76452000000012,-6.20692],[106.76443000000012,-6.20681],[106.76441,-6.206439999999873],[106.76438,-6.20634],[106.76432,-6.206279999999879],[106.76414000000011,-6.206249999999898],[106.76383,-6.206239999999866],[106.76342,-6.20611],[106.7633400000002,-6.20606],[106.76339,-6.205939999999828],[106.76351,-6.20588],[106.7637600000001,-6.20589],[106.76396000000011,-6.20593],[106.76407000000017,-6.20589],[106.7641300000002,-6.205779999999891],[106.76416000000017,-6.20555],[106.76414000000011,-6.205359999999871],[106.76410000000016,-6.20526],[106.76398000000017,-6.20519],[106.76378000000017,-6.20513],[106.76368,-6.2051],[106.76361000000014,-6.205029999999851],[106.7636,-6.20493],[106.76363,-6.20483],[106.76379,-6.20465],[106.7641300000002,-6.20443],[106.76425000000017,-6.20435],[106.76434000000012,-6.204229999999825],[106.76438,-6.20401],[106.76437000000016,-6.20373],[106.76437000000016,-6.20291],[106.76436000000018,-6.2028],[106.76428000000016,-6.202699999999879],[106.76412,-6.202649999999835],[106.76393000000013,-6.2026],[106.7639190000001,-6.202445999999895],[106.76390000000015,-6.20218],[106.76390000000015,-6.20193],[106.76384000000013,-6.20168],[106.76378000000017,-6.20149],[106.76375000000019,-6.20134],[106.76364000000012,-6.20126],[106.76344000000012,-6.20114],[106.76331000000016,-6.20102],[106.76322,-6.200829999999883],[106.76319000000018,-6.19944],[106.76319000000018,-6.199279999999874],[106.76308000000017,-6.19913],[106.76297000000011,-6.19899],[106.76290000000017,-6.19876],[106.76285000000013,-6.198329999999885],[106.76285000000013,-6.198149999999828],[106.76279000000017,-6.19793],[106.76264000000015,-6.19767],[106.76244000000014,-6.197159999999883],[106.76240000000018,-6.19709],[106.76226000000014,-6.19705],[106.76212000000015,-6.19705],[106.76203000000015,-6.196999999999889],[106.76196,-6.196699999999851],[106.76195,-6.19655],[106.76189000000011,-6.19643],[106.76171000000011,-6.196279999999888],[106.76157000000012,-6.19623],[106.76143,-6.19623],[106.76124000000016,-6.19631],[106.76088,-6.196819999999832],[106.7608100000001,-6.196909999999889],[106.7607200000001,-6.19695],[106.76052,-6.1968],[106.76037,-6.196619999999882],[106.76026,-6.19642],[106.76011000000011,-6.196329999999875],[106.76001000000014,-6.19625],[106.75994,-6.19613],[106.75986000000017,-6.195579999999893],[106.7598,-6.19544999999988],[106.75957000000017,-6.19522],[106.75869000000017,-6.19449],[106.7585,-6.19431],[106.75833,-6.19414],[106.7580500000002,-6.19384],[106.75789,-6.19373],[106.75777000000011,-6.193659999999852],[106.75769,-6.193539999999871],[106.75766,-6.193289999999877],[106.75762000000014,-6.19314],[106.75755,-6.19307],[106.75737,-6.193039999999883],[106.75715000000014,-6.19306],[106.75696,-6.19309],[106.75704,-6.19271],[106.7570800000002,-6.19252],[106.7570800000002,-6.192449999999894],[106.75691000000018,-6.19244],[106.75685,-6.19244],[106.75684,-6.191959999999881],[106.75706000000014,-6.19098],[106.7570800000002,-6.19064],[106.7571,-6.19042],[106.75711380000018,-6.190346399999953],[106.75713,-6.19026],[106.75749000000019,-6.19011],[106.75753030000016,-6.190069699999981],[106.75754640000008,-6.190064499999892],[106.75757060000012,-6.19003889999982],[106.75766149999998,-6.189943],[106.75766390000018,-6.189936099999841],[106.7578,-6.1898],[106.7578421,-6.189764899999886],[106.75792,-6.189699999999846],[106.75799000000018,-6.18968],[106.75807,-6.18974],[106.75816150000014,-6.189872999999864],[106.75818,-6.1899],[106.75818970000017,-6.18990649999995],[106.75827,-6.18996],[106.75837000000018,-6.18993],[106.75853000000012,-6.18979],[106.75862,-6.18961],[106.75864000000013,-6.189499999999896],[106.75862,-6.189372799999944],[106.75861650000013,-6.189350899999909],[106.758555,-6.189289699999904],[106.75853020000011,-6.189091399999938],[106.75852000000015,-6.18901],[106.75849000000017,-6.188909999999851],[106.75844680000012,-6.188866799999914],[106.7584442000001,-6.188812],[106.75832870000016,-6.188795899999889],[106.75823540000005,-6.188862299999812],[106.75821230000008,-6.188878399999965],[106.75816410000004,-6.188912],[106.7580500000002,-6.18893],[106.75790570000015,-6.188747199999966],[106.75790000000018,-6.188739999999882],[106.75784,-6.18859],[106.75786000000011,-6.1884],[106.75810890000008,-6.187713499999973],[106.75815000000011,-6.1876],[106.75826000000012,-6.18731],[106.75828000000018,-6.18715],[106.75826000000012,-6.187029999999822],[106.75817000000018,-6.18694],[106.75808000000018,-6.18692],[106.75798,-6.18695],[106.75764780000009,-6.187350599999945],[106.75763090000015,-6.187345099999959],[106.75753750000007,-6.187372899999957],[106.75745510000013,-6.187406199999941],[106.75742250000013,-6.187439099999892],[106.75736740000019,-6.18749459999998],[106.75728500000014,-6.187538899999936],[106.7571700000002,-6.18753],[106.75702940000008,-6.187125599999888],[106.75701,-6.18707],[106.75690070000013,-6.186866499999951],[106.756881,-6.186769599999934],[106.7568394,-6.18670149999997],[106.75678700000014,-6.186615799999913],[106.75674690000017,-6.18658019999998],[106.75672,-6.18653],[106.75667,-6.18639],[106.75667,-6.18621],[106.75669900000014,-6.186122899999816],[106.75674890000016,-6.185973199999864],[106.75676,-6.18594],[106.75682000000018,-6.1858],[106.75684,-6.185659999999871],[106.75677600000012,-6.185550699999965],[106.75676860000004,-6.185515199999884],[106.75676310000011,-6.185488599999928],[106.7567558,-6.185453799999948],[106.7567473000002,-6.185412999999869],[106.7566000000001,-6.185249999999883],[106.75648250000017,-6.185148199999901],[106.75646860000006,-6.185136199999874],[106.75641320000011,-6.185004299999889],[106.75642820000007,-6.184931599999913],[106.75642810000011,-6.184878499999968],[106.75642780000004,-6.184799199999873],[106.75642770000007,-6.184767399999942],[106.75641550000012,-6.184674299999926],[106.75639000000012,-6.184480299999962],[106.75638690000005,-6.184479399999816],[106.75622060000018,-6.18442929999992],[106.7561374,-6.184410899999932],[106.75597620000019,-6.184376599999837],[106.75579510000011,-6.184338],[106.7549094000002,-6.184098799999958],[106.75467990000004,-6.184226399999943],[106.75468800000016,-6.184327499999938],[106.754689,-6.184340299999917],[106.75468050000006,-6.184337099999937],[106.75412390000002,-6.184597399999973],[106.7540271000002,-6.184507199999871],[106.75391040000017,-6.18442779999998],[106.75374290000013,-6.184287899999958],[106.75362060000015,-6.184167899999977],[106.7533385000001,-6.184018199999912],[106.75329610000011,-6.18399079999989],[106.75322480000005,-6.183944899999972],[106.7530997,-6.183849799999962],[106.7530371000002,-6.183800699999949],[106.75294700000018,-6.183730099999877],[106.7527912000001,-6.183608799999888],[106.75265690000015,-6.183525499999917],[106.75252530000012,-6.183444],[106.75220640000003,-6.183208799999932],[106.75206229999998,-6.183096299999931],[106.75199020000008,-6.182993799999906],[106.75197080000004,-6.182968199999834],[106.75189740000019,-6.182870899999955],[106.75182510000008,-6.182737599999939],[106.75180310000002,-6.182686499999875],[106.75176440000001,-6.182626],[106.75170980000013,-6.182540399999937],[106.75170670000006,-6.182535499999915],[106.7514627000001,-6.182051099999967],[106.75132500000012,-6.181825799999899],[106.75125290000017,-6.18174549999992],[106.7511060000001,-6.181654299999934],[106.75096610000008,-6.181567399999835],[106.75091160000017,-6.181533399999864],[106.75090870000014,-6.181531799999902],[106.750805,-6.181477599999937],[106.75063550000004,-6.181388799999979],[106.75048950000007,-6.181260099999974],[106.750427,-6.181183899999894],[106.7502750000001,-6.181018699999981],[106.75019630000014,-6.180933],[106.75015070000012,-6.180849799999976],[106.7500316,-6.180686899999898],[106.74996050000016,-6.180555199999844],[106.74990030000015,-6.180501999999876],[106.74989280000005,-6.18049539999987],[106.74985,-6.18042],[106.74981410000015,-6.180380599999978],[106.74999700000018,-6.180281099999888],[106.75016430000016,-6.180190099999834],[106.7503501000001,-6.180088299999909],[106.75037380000009,-6.180075399999907],[106.75028850000012,-6.17988639999993],[106.7502712000001,-6.179848099999958],[106.75029170000005,-6.179825999999878],[106.75036460000001,-6.179747399999883],[106.75042180000014,-6.179642699999931],[106.75042950000005,-6.179297199999951],[106.75049980000006,-6.179128699999922],[106.75054420000015,-6.179060199999867],[106.75063570000009,-6.178837199999975],[106.75069400000012,-6.17867009999992],[106.75082310000016,-6.178300099999944],[106.75083790000014,-6.178280099999881],[106.75112660000019,-6.177888899999857],[106.75115180000017,-6.177746799999909],[106.75122940000017,-6.177629399999944],[106.7511954000002,-6.177440499999875],[106.75117530000017,-6.177328499999931],[106.75102440000012,-6.177178399999946],[106.75089940000004,-6.177237199999922],[106.75075670000012,-6.177280099999905],[106.7505306000001,-6.177485099999842],[106.75045890000018,-6.177481399999976],[106.75045850000015,-6.177481],[106.75040270000017,-6.177440699999977],[106.75030950000007,-6.177373399999908],[106.75026380000003,-6.177340299999912],[106.75006050000007,-6.177420699999914],[106.74996900000019,-6.177384399999937],[106.7497850000002,-6.177408299999968],[106.74979460000014,-6.177187099999969],[106.7497661000001,-6.177146299999947],[106.7496417000001,-6.176968199999976],[106.74969910000004,-6.176799099999926],[106.74972520000006,-6.176722199999972],[106.74964140000009,-6.176456599999938],[106.74956989999998,-6.17625309999994],[106.74939230000007,-6.17608539999992],[106.74938980000019,-6.176065],[106.74937590000013,-6.176054],[106.74936400000018,-6.176006799999925],[106.74932030000014,-6.175834299999963],[106.74930139999998,-6.175759699999901],[106.74934930000006,-6.175648899999942],[106.74941440000009,-6.175498399999924],[106.74953640000007,-6.175216099999943],[106.74962470000008,-6.175011799999936],[106.74958790000005,-6.174860499999909],[106.74956290000011,-6.17475759999985],[106.74949690000017,-6.174486299999955],[106.7495689000001,-6.174012799999957],[106.74968090000016,-6.173746599999959],[106.74979450000012,-6.173722199999872],[106.74976,-6.17365999999987],[106.74971,-6.17348],[106.74968550000017,-6.173426099999972],[106.74966000000018,-6.17337],[106.74956,-6.17324],[106.74948790000013,-6.173139],[106.74946000000017,-6.1731],[106.74943000000013,-6.17302],[106.74937000000017,-6.17285],[106.7496,-6.17269],[106.74988,-6.172379999999862],[106.75,-6.172259999999881],[106.7501400000001,-6.17216999999988],[106.75020000000012,-6.17209],[106.7502300000001,-6.172009999999887],[106.75022000000013,-6.17173],[106.7503,-6.171539999999879],[106.75045000000017,-6.171379999999886],[106.75063000000017,-6.171289999999885],[106.75078000000013,-6.171219999999892],[106.75099000000012,-6.170969999999897],[106.75097,-6.1709],[106.75084,-6.17058],[106.75088,-6.17051],[106.75099000000012,-6.17045],[106.75108,-6.17045],[106.75116000000014,-6.17044],[106.75132,-6.17041],[106.75155,-6.170299999999884],[106.75175,-6.17022],[106.75184,-6.17016],[106.75194000000016,-6.16997],[106.75205,-6.16979],[106.75215000000014,-6.16961],[106.75219,-6.16943],[106.75218000000012,-6.16918],[106.75212000000016,-6.16908],[106.75195000000014,-6.16896],[106.75186000000014,-6.16889],[106.75164,-6.16871],[106.75180000000012,-6.16852],[106.7519,-6.168499999999881],[106.7524800000001,-6.16845],[106.75256000000013,-6.16841],[106.7526700000002,-6.168369999999868],[106.75281,-6.16827],[106.75286000000011,-6.168179999999893],[106.75286000000011,-6.16808],[106.75288000000018,-6.16781],[106.75303000000014,-6.16762],[106.7531,-6.16762],[106.75324000000012,-6.16768],[106.75344000000013,-6.167749999999842],[106.75351,-6.1677],[106.75355000000019,-6.16759],[106.75354,-6.16735],[106.7536500000001,-6.16708999999986],[106.75374,-6.167079999999828],[106.7538,-6.167039999999872],[106.75383,-6.16691],[106.75388,-6.16681],[106.75399000000016,-6.1667],[106.75439,-6.166409999999814],[106.75493000000012,-6.16606],[106.7550100000002,-6.16574],[106.75507000000016,-6.16564],[106.75524000000019,-6.16564],[106.75566000000015,-6.165619999999819],[106.75585,-6.16557],[106.7560000000002,-6.16547],[106.75634,-6.16513],[106.75667,-6.16477],[106.75673,-6.16461],[106.75675,-6.1644],[106.75676,-6.16395],[106.75677000000013,-6.1637],[106.75694000000016,-6.162799999999891],[106.75697000000014,-6.16249],[106.75701,-6.16227],[106.75713,-6.16203],[106.75725,-6.161969999999883],[106.75736000000012,-6.161969999999883],[106.7577800000002,-6.16199],[106.75786000000011,-6.16193],[106.75792,-6.161799999999857],[106.75791000000015,-6.161669999999845],[106.75783,-6.16098],[106.75789,-6.16066],[106.75799000000018,-6.160549999999887],[106.75891,-6.15973],[106.75937000000016,-6.15919],[106.75926620000007,-6.159172699999885],[106.75919000000016,-6.15916],[106.75795,-6.1589],[106.75752,-6.15882],[106.7570800000002,-6.15872],[106.75653000000017,-6.15861],[106.75615000000016,-6.15853],[106.75590000000011,-6.15848],[106.75576,-6.15845],[106.7556100000001,-6.15842],[106.7548,-6.158259999999871],[106.75440000000015,-6.15816999999987],[106.75420000000014,-6.15813],[106.75341000000014,-6.158009999999877],[106.7529600000002,-6.157959999999832],[106.75141000000019,-6.158009999999877],[106.75,-6.157919999999876]]]}},{"type":"Feature","properties":{"adm3_name":"Palmerah","adm3_name1":null,"adm3_name2":null,"adm3_name3":null,"adm3_pcode":"ID3174030","adm2_name":"Kota Jakarta Barat","adm2_name1":null,"adm2_name2":null,"adm2_name3":null,"adm2_pcode":"ID3174","adm1_name":"Dki Jakarta","adm1_name1":null,"adm1_name2":null,"adm1_name3":null,"adm1_pcode":"ID31","adm0_name":"Indonesia","adm0_name1":null,"adm0_name2":null,"adm0_name3":null,"adm0_pcode":"ID","valid_on":"2020-04-01","valid_to":null,"area_sqkm":7.36059062,"version":"v01","lang":"en","lang1":null,"lang2":null,"lang3":null,"adm3_ref_name":"Palmerah","center_lat":-6.1912258,"center_lon":106.79423221},"geometry":{"type":"Polygon","coordinates":[[[106.81067680000012,-6.188517599999955],[106.81067680000012,-6.188349299999913],[106.81066150000015,-6.187994499999945],[106.8105776000001,-6.187417099999948],[106.8105013,-6.186839099999929],[106.81047080000013,-6.186313699999971],[106.81042480000008,-6.185812],[106.81040210000015,-6.185565],[106.81032640000012,-6.184964499999978],[106.81032580000004,-6.184959399999912],[106.81031060000004,-6.184790199999952],[106.81024190000005,-6.18412069999988],[106.81018090000015,-6.183512299999904],[106.81017640000016,-6.183420099999921],[106.81017350000008,-6.18335959999996],[106.81016690000007,-6.183221099999969],[106.81016560000012,-6.183194199999946],[106.8101587000001,-6.183115799999939],[106.81014230000017,-6.182929099999967],[106.81012670000013,-6.182750899999974],[106.81011980000005,-6.182673],[106.81005879999998,-6.182195699999966],[106.81001300000014,-6.181501],[106.81001140000018,-6.181482],[106.80999820000011,-6.181330099999911],[106.80999770000011,-6.181325],[106.80998910000011,-6.18121699999989],[106.80993670000004,-6.180560199999888],[106.8098604000001,-6.180111899999929],[106.80980700000015,-6.179793399999937],[106.80978750000008,-6.17973429999995],[106.80973070000005,-6.179562099999828],[106.8096315000002,-6.179301799999962],[106.80947130000004,-6.179071],[106.80926530000005,-6.17882539999988],[106.80908990000012,-6.178594599999883],[106.80888390000013,-6.17832],[106.80862450000018,-6.177958999999873],[106.80823540000011,-6.177410599999973],[106.80794540000011,-6.177008199999818],[106.8079284000001,-6.176985099999968],[106.80754870000015,-6.176470799999947],[106.80675520000005,-6.175383099999976],[106.80655690000015,-6.175094599999909],[106.80648060000004,-6.174923899999953],[106.80634330000004,-6.174740799999881],[106.8061754000002,-6.174478599999929],[106.80602850000014,-6.174252199999955],[106.8059542000002,-6.174137599999881],[106.80563370000016,-6.17371849999995],[106.80547350000006,-6.173492899999928],[106.80547100000018,-6.173489299999972],[106.80547000000013,-6.17349],[106.80536,-6.17357],[106.80526000000015,-6.17365999999987],[106.80518,-6.1737],[106.80466,-6.17406],[106.80399,-6.174509999999884],[106.80338000000017,-6.17485],[106.80310000000014,-6.174959999999885],[106.80254000000014,-6.17527],[106.8024,-6.17536],[106.80230000000017,-6.17545],[106.80216000000013,-6.17557],[106.80193000000014,-6.17573],[106.80144,-6.1761],[106.80102000000016,-6.17643],[106.80081000000018,-6.17657],[106.80039,-6.176829999999882],[106.79987,-6.17719],[106.79892000000012,-6.17789],[106.7984,-6.17823],[106.79792000000015,-6.17852],[106.79759750000011,-6.178674499999943],[106.79744,-6.17875],[106.79738860000009,-6.178778],[106.79723610000008,-6.178861199999915],[106.79711,-6.17893],[106.7969639000001,-6.179003099999932],[106.79693000000015,-6.17902],[106.79672000000016,-6.17915],[106.79643000000016,-6.17929],[106.79615339999998,-6.179408499999909],[106.79611990000006,-6.179422899999963],[106.79608000000013,-6.17944],[106.79605230000016,-6.179453899999942],[106.79602090000003,-6.179469599999891],[106.79596000000015,-6.1795],[106.79569970000011,-6.179609599999935],[106.79563730000012,-6.17963589999988],[106.79558000000014,-6.17966],[106.79544000000016,-6.179749999999899],[106.79532000000017,-6.17982],[106.79518000000013,-6.17989],[106.79512000000011,-6.17994],[106.79484,-6.18017],[106.79459000000014,-6.180409999999881],[106.79452790000016,-6.180496599999969],[106.79426000000018,-6.18087],[106.79417,-6.180999999999869],[106.79402,-6.18121],[106.79349,-6.18201],[106.79334000000011,-6.18224],[106.79331000000013,-6.18231],[106.79325000000011,-6.182339999999897],[106.7932,-6.18239],[106.79314,-6.18244],[106.793,-6.182589999999891],[106.79291,-6.182709999999872],[106.79279,-6.18286],[106.79223,-6.18353],[106.79209,-6.18369],[106.79191,-6.18377],[106.79135000000014,-6.18406],[106.79103,-6.18422],[106.79078,-6.184329999999875],[106.7901,-6.18459],[106.78909000000016,-6.18492],[106.78862,-6.18502999999987],[106.78810000000016,-6.185079999999857],[106.78738,-6.18511],[106.78558,-6.18515],[106.78509000000014,-6.18515],[106.78446,-6.18517],[106.78341,-6.18528],[106.78332,-6.185289999999895],[106.78335,-6.18547],[106.78341,-6.18582],[106.78345000000019,-6.18626],[106.78342,-6.18639],[106.78345000000019,-6.18653],[106.78349,-6.18685],[106.78344,-6.187499999999886],[106.78331000000014,-6.188119999999856],[106.78323,-6.18848],[106.78313000000014,-6.18898],[106.783,-6.18922],[106.78253,-6.19026],[106.78244,-6.19051],[106.78239,-6.190739999999835],[106.78235000000012,-6.19098],[106.78228000000018,-6.19148],[106.78227,-6.191659999999899],[106.78223000000014,-6.1921],[106.78223000000014,-6.19267],[106.78221,-6.19323],[106.78219000000018,-6.1933],[106.78216,-6.19343],[106.78212,-6.19367],[106.78209,-6.19417],[106.78207,-6.194869999999867],[106.78207,-6.19517],[106.78211000000016,-6.1956],[106.78218,-6.19652],[106.78218,-6.196579999999869],[106.7822000000001,-6.19709],[106.7822000000001,-6.19719],[106.78222000000017,-6.19755],[106.78223000000014,-6.197859999999878],[106.78226000000012,-6.1981],[106.78228000000018,-6.19855],[106.7822900000001,-6.19884],[106.78235000000012,-6.19938],[106.78239,-6.19975],[106.78243000000015,-6.200069999999869],[106.78252000000015,-6.20097],[106.78259,-6.20142],[106.78261000000015,-6.20156999999989],[106.78264000000013,-6.20193],[106.78265,-6.202],[106.78266000000019,-6.20215],[106.7827,-6.20262],[106.78272000000015,-6.20269],[106.78291,-6.20426],[106.78296000000012,-6.20475],[106.78303,-6.2053],[106.78307000000018,-6.20572],[106.78309,-6.20601],[106.78309,-6.20609],[106.78313000000014,-6.2063],[106.78314000000012,-6.20654],[106.78315,-6.20672],[106.78315,-6.20672009999987],[106.78397389999998,-6.206739499999969],[106.78452320000014,-6.206765199999893],[106.78487420000005,-6.206775199999981],[106.78520980000013,-6.206800499999872],[106.78599570000011,-6.206867699999918],[106.78632370000008,-6.20689729999998],[106.78656030000013,-6.206906399999923],[106.78692650000005,-6.206937799999935],[106.78732320000017,-6.207048499999871],[106.78756730000015,-6.207196799999963],[106.78773520000016,-6.207358899999974],[106.7878267000001,-6.207514299999957],[106.78784960000002,-6.207542],[106.78788010000005,-6.207598699999949],[106.78801750000008,-6.207742199999814],[106.78830740000006,-6.208046499999966],[106.78839130000011,-6.208157599999879],[106.78852100000017,-6.208245799999929],[106.788994,-6.208493299999873],[106.7891161,-6.208500399999934],[106.78913900000015,-6.208496899999886],[106.78918480000004,-6.208489899999961],[106.78938310000007,-6.208417399999973],[106.7895205000001,-6.208294899999885],[106.78958560000012,-6.208228599999927],[106.78993240000005,-6.207875299999898],[106.79045120000018,-6.207443799999908],[106.79084800000015,-6.207501899999897],[106.79156510000013,-6.207625399999927],[106.79195420000019,-6.207694599999968],[106.79222130000011,-6.207747],[106.7923891000001,-6.207788],[106.79254170000013,-6.207828099999972],[106.79290790000005,-6.207795699999963],[106.79301470000019,-6.207775199999958],[106.79322070000018,-6.207762299999956],[106.79399890000008,-6.207702199999972],[106.7947008000001,-6.207666],[106.79500600000011,-6.207643099999871],[106.79563159999998,-6.207614499999977],[106.79600500000015,-6.207585299999892],[106.7960588000002,-6.20758109999997],[106.79619620000017,-6.206811],[106.79633350000017,-6.206266],[106.79646320000006,-6.205908799999975],[106.79658530000006,-6.205566899999951],[106.79659290000012,-6.205499199999963],[106.79685230000013,-6.204691399999888],[106.79689050000007,-6.20456889999997],[106.79714220000011,-6.204030999999873],[106.79719560000007,-6.203915599999902],[106.79727960000008,-6.203800199999876],[106.79733290000007,-6.203727299999969],[106.79736350000013,-6.203672],[106.79756179999998,-6.203362999999854],[106.7976305000002,-6.203266699999972],[106.79765340000012,-6.203243299999883],[106.79771440000019,-6.203137],[106.79784410000008,-6.202976699999965],[106.79803490000006,-6.202800299999922],[106.79813400000012,-6.202681599999949],[106.79847740000008,-6.20238449999988],[106.79851550000006,-6.202352099999871],[106.79888170000015,-6.202107499999954],[106.798958,-6.202052099999946],[106.7990648,-6.20199539999993],[106.79937,-6.201698799999917],[106.7994080000002,-6.201655599999981],[106.79940810000016,-6.201655399999879],[106.79943100000014,-6.20150469999993],[106.79955310000008,-6.201114699999891],[106.799576,-6.201041699999905],[106.79961420000018,-6.201004099999977],[106.79982010000015,-6.200705599999878],[106.80008720000006,-6.200390399999947],[106.80029320000006,-6.200211099999933],[106.80056020000012,-6.200059],[106.80059830000005,-6.200036999999895],[106.80075090000008,-6.19997549999988],[106.80142230000001,-6.199697999999898],[106.80148330000009,-6.199669399999948],[106.80163590000012,-6.199593599999901],[106.8018190000002,-6.199489599999822],[106.80262010000018,-6.199109599999929],[106.80266590000008,-6.19908339999995],[106.80287190000007,-6.198941699999978],[106.80300920000008,-6.198828299999889],[106.80313890000014,-6.198632299999929],[106.80344410000015,-6.198062399999969],[106.80356620000015,-6.197881299999892],[106.8036196000001,-6.197827399999937],[106.80368820000012,-6.197792099999958],[106.80411550000014,-6.19751889999992],[106.80428330000012,-6.197340499999882],[106.80429420000019,-6.197320099999899],[106.80432150000013,-6.197268499999893],[106.80440540000012,-6.197133099999974],[106.80451990000017,-6.196936599999958],[106.80463430000003,-6.19671539999996],[106.80479450000018,-6.196416399999919],[106.80480730000016,-6.196389599999918],[106.80480970000019,-6.196384499999965],[106.80508440000017,-6.195627299999899],[106.80509210000008,-6.19555239999994],[106.80527520000015,-6.19443659999996],[106.80527810000001,-6.194415699999922],[106.80535910000015,-6.193849099999966],[106.80542010000005,-6.193303599999922],[106.80547350000006,-6.1928395999999],[106.805504,-6.192757699999959],[106.80587600000013,-6.191840099999979],[106.805916,-6.191741499999921],[106.80594660000008,-6.191695699999968],[106.80605340000005,-6.191471599999943],[106.80628220000017,-6.190882299999885],[106.80644250000012,-6.190351499999906],[106.80647300000015,-6.19020659999984],[106.8065187000002,-6.189999099999966],[106.80672440000018,-6.189137199999891],[106.80672470000019,-6.189136099999928],[106.80674760000011,-6.189106],[106.80686210000016,-6.188994899999955],[106.80704520000006,-6.188932499999851],[106.80714440000008,-6.188900499999932],[106.80740370000007,-6.188870999999892],[106.80796830000003,-6.188820399999884],[106.80808340000016,-6.188813399999958],[106.80830400000013,-6.188799899999879],[106.80881520000014,-6.188734599999975],[106.80941030000014,-6.188698299999942],[106.80953240000014,-6.188697899999966],[106.81030290000012,-6.188678799999821],[106.81054710000006,-6.18870979999997],[106.81064920000017,-6.188722499999869],[106.81065390000003,-6.188723099999947],[106.8106567000001,-6.188697599999955],[106.81067680000012,-6.188517599999955]]]}},{"type":"Feature","properties":{"adm3_name":"Taman Sari","adm3_name1":null,"adm3_name2":null,"adm3_name3":null,"adm3_pcode":"ID3174060","adm2_name":"Kota Jakarta Barat","adm2_name1":null,"adm2_name2":null,"adm2_name3":null,"adm2_pcode":"ID3174","adm1_name":"Dki Jakarta","adm1_name1":null,"adm1_name2":null,"adm1_name3":null,"adm1_pcode":"ID31","adm0_name":"Indonesia","adm0_name1":null,"adm0_name2":null,"adm0_name3":null,"adm0_pcode":"ID","valid_on":"2020-04-01","valid_to":null,"area_sqkm":4.55305112,"version":"v01","lang":"en","lang1":null,"lang2":null,"lang3":null,"adm3_ref_name":"Taman Sari","center_lat":-6.14608,"center_lon":106.81842026},"geometry":{"type":"Polygon","coordinates":[[[106.81671920000008,-6.136811799999975],[106.8167155000001,-6.136750499999891],[106.81669640000013,-6.136432199999945],[106.81662770000014,-6.136135199999956],[106.81642930000004,-6.135310199999935],[106.81628000000012,-6.134826099999941],[106.8162462000002,-6.134716599999933],[106.81603260000009,-6.133958399999813],[106.81579610000006,-6.133166799999969],[106.81573630000008,-6.132963],[106.81554430000017,-6.13230899999985],[106.81534600000015,-6.131517399999893],[106.815056,-6.130377799999849],[106.81503310000016,-6.130241899999874],[106.81497840000009,-6.130229899999961],[106.81494160000005,-6.130221899999981],[106.81481950000006,-6.130195699999945],[106.81472040000006,-6.130182299999944],[106.81428550000015,-6.130102199999953],[106.8137667000002,-6.130078399999945],[106.81354540000018,-6.130080799999973],[106.81318690000018,-6.130124199999898],[106.8125689000002,-6.130270499999938],[106.81197379999998,-6.130431699999974],[106.8118975000001,-6.130449299999896],[106.81184410000009,-6.130462199999897],[106.81054710000006,-6.130818899999838],[106.8105166000002,-6.130825099999981],[106.8104411,-6.130844],[106.81048,-6.13099],[106.81057,-6.13141],[106.81075000000016,-6.132069999999885],[106.8108900000002,-6.13263],[106.81102,-6.13312],[106.81113000000016,-6.133469999999875],[106.81121,-6.13374],[106.8114000000001,-6.13449],[106.81152,-6.13494],[106.81165,-6.13541],[106.8117700000002,-6.13583],[106.81185,-6.13618],[106.81194,-6.13658],[106.812,-6.136799999999823],[106.81205,-6.137],[106.81208,-6.13713],[106.81208,-6.13731],[106.81204000000014,-6.13757],[106.81201000000016,-6.137809999999888],[106.81198000000018,-6.13798],[106.81191,-6.138269999999864],[106.81178000000011,-6.138509999999826],[106.81160000000017,-6.138849999999877],[106.81145,-6.13908],[106.8114000000001,-6.13917],[106.81136,-6.139269999999897],[106.81136,-6.1394],[106.81135,-6.13965],[106.81134000000014,-6.14001],[106.81135,-6.1401],[106.81144,-6.14023],[106.8117,-6.14049],[106.81193,-6.14067],[106.81209000000018,-6.14079],[106.81218000000018,-6.14087],[106.8122,-6.14098],[106.8121900000001,-6.14104],[106.81213000000014,-6.14112],[106.81203,-6.141189999999881],[106.81184000000013,-6.141309999999862],[106.81146000000012,-6.14156],[106.81115,-6.14175],[106.81104000000016,-6.14183],[106.81092000000018,-6.141929999999888],[106.81074,-6.14213999999987],[106.81061000000011,-6.14232],[106.81054,-6.14249],[106.81049000000013,-6.14263],[106.81049000000013,-6.142769999999871],[106.8105000000001,-6.14304],[106.81051000000019,-6.14336],[106.81055000000015,-6.14362],[106.81058000000013,-6.14391],[106.81062,-6.1442],[106.81069000000019,-6.1445],[106.81069000000019,-6.14464],[106.81066,-6.144809999999893],[106.81065,-6.145009999999843],[106.81063000000017,-6.14521],[106.81064000000015,-6.14541],[106.81070000000011,-6.14558],[106.81090000000012,-6.14596],[106.81102,-6.1462],[106.81115,-6.14645],[106.81123,-6.146709999999814],[106.81135,-6.147019999999884],[106.81141,-6.14721],[106.8115,-6.14745],[106.81164,-6.14782],[106.81172000000015,-6.14811],[106.81182,-6.14844],[106.81192000000016,-6.14881],[106.81196000000011,-6.14913],[106.81203,-6.14961],[106.8120600000002,-6.1499],[106.81208,-6.150189999999895],[106.81204000000014,-6.15054],[106.81201000000016,-6.15078],[106.81201000000016,-6.151139999999884],[106.81199,-6.151389999999878],[106.81199,-6.15157],[106.81199,-6.15187],[106.8119700000002,-6.152059999999892],[106.81194,-6.15216],[106.81172000000015,-6.15257],[106.81156,-6.15286],[106.81148000000019,-6.15306],[106.81135,-6.15341],[106.81126,-6.15365],[106.81110000000018,-6.15397],[106.81101000000018,-6.15416],[106.81097,-6.154259999999852],[106.8109800000002,-6.15433],[106.81099000000012,-6.15454],[106.81102,-6.15466],[106.81104000000016,-6.154929999999865],[106.81104000000016,-6.155219999999872],[106.81102,-6.155509999999879],[106.81099000000012,-6.155929999999898],[106.81096000000014,-6.156379999999842],[106.81092000000018,-6.15674],[106.81093000000016,-6.15714],[106.81088000000011,-6.1574],[106.81086,-6.15773],[106.81084000000016,-6.15816999999987],[106.81086,-6.15848],[106.81084000000016,-6.15869],[106.8108000000002,-6.15929],[106.81079000000011,-6.15968],[106.81074,-6.16016],[106.81074,-6.16044],[106.81070020000016,-6.160828399999843],[106.8107073,-6.160827199999915],[106.81075310000006,-6.160820099999967],[106.81085220000011,-6.160803899999962],[106.8110888000001,-6.160770499999956],[106.81149310000018,-6.160701799999913],[106.8118593000001,-6.160691299999939],[106.81192990000011,-6.160698399999944],[106.81195850000017,-6.160701299999971],[106.81237050000016,-6.160699399999828],[106.81256120000012,-6.16069989999994],[106.81268330000006,-6.160686],[106.81278250000014,-6.160677499999963],[106.8128072,-6.160675799999922],[106.81285880000001,-6.160672199999965],[106.81288930000005,-6.160669799999937],[106.8132708,-6.160641699999928],[106.81341570000012,-6.160626899999954],[106.81375140000017,-6.160574],[106.81514000000016,-6.160432399999934],[106.8159029000002,-6.16025309999992],[106.8162539000001,-6.160195899999906],[106.81661240000011,-6.160125299999947],[106.81745930000017,-6.160008499999947],[106.81759660000017,-6.159977],[106.818123,-6.159891199999947],[106.818825,-6.159787699999981],[106.8190157000002,-6.159757199999945],[106.8190191000001,-6.159756699999889],[106.8191835,-6.159731399999941],[106.81928270000009,-6.159698499999877],[106.81967940000004,-6.15961029999994],[106.82028220000018,-6.159548299999869],[106.82034320000008,-6.159551199999953],[106.82063310000007,-6.159600799999964],[106.82091540000016,-6.159688499999959],[106.82148000000012,-6.159863499999858],[106.82167070000014,-6.159957499999905],[106.821953,-6.160059499999818],[106.82200640000019,-6.160073299999965],[106.82234210000007,-6.160190599999908],[106.82289140000006,-6.160397599999897],[106.82330340000004,-6.160571599999912],[106.82348650000006,-6.160624499999926],[106.82364669999998,-6.160664099999906],[106.824013,-6.160785199999907],[106.8244936000001,-6.160967899999946],[106.82462330000016,-6.161022699999933],[106.82495140000015,-6.161120499999925],[106.82499710000019,-6.161132399999929],[106.82539390000017,-6.161280699999963],[106.82574480000005,-6.161405099999968],[106.82617210000006,-6.161579599999925],[106.82618760000008,-6.161584499999947],[106.82626360000017,-6.161608299999955],[106.82644670000002,-6.161656899999912],[106.82662980000009,-6.161723699999925],[106.82672990000003,-6.161756899999943],[106.82679770000016,-6.161779399999944],[106.82730120000002,-6.161973499999931],[106.82785050000018,-6.162134199999969],[106.82792680000011,-6.162141399999939],[106.82800310000005,-6.162163299999975],[106.82830830000006,-6.162252899999942],[106.82829120000008,-6.162224199999969],[106.8280337000001,-6.161790899999971],[106.82794210000014,-6.161628799999903],[106.827759,-6.161175799999967],[106.82761400000015,-6.160705199999938],[106.82746910000009,-6.159944599999903],[106.82746140000017,-6.159809599999903],[106.82743090000014,-6.159036199999946],[106.82742700000017,-6.158268699999951],[106.82742330000019,-6.157550399999934],[106.82742330000019,-6.157547],[106.82741570000013,-6.15723],[106.82740190000004,-6.156585899999925],[106.82737960000014,-6.155547099999922],[106.82737750000013,-6.155449499999861],[106.82734850000003,-6.154062099999976],[106.8273394000002,-6.153626499999916],[106.82729360000013,-6.152321399999948],[106.82724780000007,-6.151924199999939],[106.82723190000019,-6.151763599999981],[106.82712980000008,-6.150731199999882],[106.82711050000006,-6.15053609999984],[106.82694260000005,-6.149750799999879],[106.82689690000018,-6.149448899999925],[106.8268282000002,-6.1489858999999],[106.82679770000016,-6.14886719999987],[106.82677480000018,-6.148703599999919],[106.82672140000005,-6.148518099999933],[106.82671970000007,-6.148512399999902],[106.82664510000012,-6.14826249999993],[106.82655350000016,-6.147885399999893],[106.82633230000016,-6.147045699999978],[106.82619480000017,-6.146740399999942],[106.82598130000008,-6.146266499999967],[106.82547780000016,-6.145334799999887],[106.82517260000014,-6.14482309999994],[106.82498950000007,-6.144518399999924],[106.82484450000015,-6.14429239999987],[106.82480660000004,-6.144229499999938],[106.824074,-6.143015399999911],[106.82388320000001,-6.142705499999863],[106.8238527000002,-6.142658799999879],[106.8238128000001,-6.142610099999956],[106.82380690000014,-6.142602999999895],[106.82377480000014,-6.142554099999927],[106.82376120000009,-6.142533399999934],[106.82320420000019,-6.141586299999972],[106.8226397000002,-6.14046529999996],[106.82260920000016,-6.140399499999944],[106.82256340000009,-6.140286],[106.82255350000014,-6.140262099999916],[106.8225176000002,-6.140174899999977],[106.82239550000003,-6.13978579999997],[106.822304,-6.139499199999932],[106.82219720000018,-6.139121599999953],[106.82212090000007,-6.138859799999977],[106.82202930000011,-6.138563199999965],[106.82183860000015,-6.137728699999911],[106.82179280000008,-6.137578499999847],[106.82164780000016,-6.13731289999987],[106.82138840000005,-6.136990599999876],[106.82127400000013,-6.136870899999906],[106.82125110000004,-6.136878499999909],[106.82124429999999,-6.136880099999871],[106.82101850000015,-6.136694199999965],[106.82080200000019,-6.136537699999963],[106.82046780000007,-6.136420899999962],[106.82005520000001,-6.136353499999927],[106.8198554,-6.136354199999971],[106.81982930000015,-6.13635429999988],[106.81958400000013,-6.136394399999915],[106.81921110000019,-6.136464499999931],[106.81868130000004,-6.136584199999902],[106.81855080000008,-6.136615399999926],[106.818181,-6.136703799999964],[106.81762170000013,-6.136823699999923],[106.81719,-6.1369135999999],[106.81674550000008,-6.137063599999976],[106.81671920000008,-6.136811799999975]]]}},{"type":"Feature","properties":{"adm3_name":"Tambora","adm3_name1":null,"adm3_name2":null,"adm3_name3":null,"adm3_pcode":"ID3174050","adm2_name":"Kota Jakarta Barat","adm2_name1":null,"adm2_name2":null,"adm2_name3":null,"adm2_pcode":"ID3174","adm1_name":"Dki Jakarta","adm1_name1":null,"adm1_name2":null,"adm1_name3":null,"adm1_pcode":"ID31","adm0_name":"Indonesia","adm0_name1":null,"adm0_name2":null,"adm0_name3":null,"adm0_pcode":"ID","valid_on":"2020-04-01","valid_to":null,"area_sqkm":5.36143397,"version":"v01","lang":"en","lang1":null,"lang2":null,"lang3":null,"adm3_ref_name":"Tambora","center_lat":-6.146325,"center_lon":106.8011409},"geometry":{"type":"Polygon","coordinates":[[[106.81104000000016,-6.14183],[106.81115,-6.14175],[106.81146000000012,-6.14156],[106.81184000000013,-6.141309999999862],[106.81203,-6.141189999999881],[106.81213000000014,-6.14112],[106.8121900000001,-6.14104],[106.8122,-6.14098],[106.81218000000018,-6.14087],[106.81209000000018,-6.14079],[106.81193,-6.14067],[106.8117,-6.14049],[106.81144,-6.14023],[106.81135,-6.1401],[106.81134000000014,-6.14001],[106.81135,-6.13965],[106.81136,-6.1394],[106.81136,-6.139269999999897],[106.8114000000001,-6.13917],[106.81145,-6.13908],[106.81160000000017,-6.138849999999877],[106.81178000000011,-6.138509999999826],[106.81191,-6.138269999999864],[106.81198000000018,-6.13798],[106.81201000000016,-6.137809999999888],[106.81204000000014,-6.13757],[106.81208,-6.13731],[106.81208,-6.13713],[106.81205,-6.137],[106.812,-6.136799999999823],[106.81194,-6.13658],[106.81185,-6.13618],[106.8117700000002,-6.13583],[106.81165,-6.13541],[106.81152,-6.13494],[106.8114000000001,-6.13449],[106.81121,-6.13374],[106.81113000000016,-6.133469999999875],[106.81102,-6.13312],[106.8108900000002,-6.13263],[106.81075000000016,-6.132069999999885],[106.81057,-6.13141],[106.81048,-6.13099],[106.8104411,-6.130844],[106.8104403000001,-6.130844199999956],[106.81037920000006,-6.130861299999879],[106.81031820000015,-6.130876599999908],[106.80991380000006,-6.130961899999932],[106.80960100000016,-6.131054],[106.80954,-6.131069699999898],[106.80947890000016,-6.131084499999872],[106.80927300000019,-6.131130299999938],[106.80899829999998,-6.13120269999996],[106.80818190000014,-6.13141829999995],[106.80782340000013,-6.131522699999891],[106.80706040000007,-6.131708699999933],[106.8070299000002,-6.131718199999909],[106.80698410000014,-6.131732499999941],[106.80668660000003,-6.131826],[106.80641190000006,-6.131888899999979],[106.80637380000007,-6.131898899999953],[106.80630510000009,-6.131916599999954],[106.8062995000002,-6.131917899999905],[106.80629490000013,-6.131918899999903],[106.8062212000001,-6.131936099999905],[106.80597710000012,-6.131985699999916],[106.80590080000002,-6.132011],[106.80577870000008,-6.132046799999898],[106.80564900000019,-6.132083499999908],[106.805237,-6.132189799999935],[106.80432150000013,-6.132415799999876],[106.803116,-6.132729599999834],[106.80265060000005,-6.13284729999998],[106.80195640000017,-6.133082399999978],[106.80195090000007,-6.133086799999887],[106.801903,-6.133124899999927],[106.80114000000015,-6.133650799999941],[106.80084250000004,-6.13399319999985],[106.8006822000001,-6.134215899999958],[106.80036180000002,-6.134900099999925],[106.80024740000016,-6.135266799999954],[106.80021690000012,-6.135601599999973],[106.80022450000007,-6.136482799999953],[106.80022450000007,-6.136511399999904],[106.80022450000007,-6.136590599999977],[106.80022450000007,-6.136601499999927],[106.80022450000007,-6.136681599999974],[106.8002550000001,-6.137055],[106.80031610000015,-6.138061099999959],[106.80036180000002,-6.138977599999976],[106.80039240000008,-6.139659899999913],[106.8004000000002,-6.139858799999956],[106.80049920000005,-6.141622599999948],[106.80050680000016,-6.141678899999931],[106.80051440000005,-6.141788499999905],[106.80051440000005,-6.141821899999911],[106.80052210000014,-6.141887199999928],[106.80037710000005,-6.141869099999951],[106.80036080000013,-6.141874199999904],[106.8002016000001,-6.14192439999988],[106.79997270000018,-6.141935899999964],[106.7997744000001,-6.141958299999942],[106.7992784000001,-6.14199739999998],[106.79899620000003,-6.142036499999904],[106.79865280000001,-6.142097],[106.79813400000012,-6.142222899999979],[106.7978517000002,-6.142272499999933],[106.79744740000012,-6.142327799999975],[106.79733260000006,-6.142342599999949],[106.79710410000013,-6.142372199999897],[106.79688280000016,-6.142394599999875],[106.79664630000013,-6.142417],[106.79611990000006,-6.142461799999921],[106.79561640000014,-6.142504699999961],[106.79489920000015,-6.142563899999971],[106.79431940000012,-6.142617799999869],[106.79388450000005,-6.142650199999878],[106.79347250000006,-6.142687899999828],[106.79338600000017,-6.142696099999966],[106.79308340000017,-6.142724999999871],[106.79290790000005,-6.142736],[106.79240440000012,-6.142785099999969],[106.79217550000004,-6.142806599999972],[106.79201530000012,-6.142791799999884],[106.79160330000013,-6.142700699999978],[106.79113030000008,-6.142558599999973],[106.790703,-6.142411299999935],[106.79042490000012,-6.142358099999967],[106.79040950000012,-6.14235519999994],[106.79001070000015,-6.142329899999936],[106.78962550000006,-6.142397699999947],[106.78956140000008,-6.142412],[106.78917710000007,-6.142497599999956],[106.78917490000009,-6.142498499999874],[106.78917030000008,-6.142500499999926],[106.78941,-6.14287999999982],[106.7896300000001,-6.14332],[106.7901100000002,-6.14431],[106.79078,-6.14553],[106.79132,-6.14656],[106.79165,-6.147219999999891],[106.7921600000002,-6.14821],[106.79266000000013,-6.149179999999888],[106.79289000000017,-6.149589999999876],[106.7932400000002,-6.15025],[106.7937500000001,-6.15111],[106.79413000000011,-6.151719999999898],[106.79426000000018,-6.15202],[106.79429,-6.15208],[106.79451000000012,-6.15266],[106.79489000000012,-6.15361],[106.79517000000016,-6.15429],[106.79553,-6.155129999999872],[106.79559000000012,-6.155259999999885],[106.7959100000001,-6.15603],[106.79611000000017,-6.15649],[106.79641,-6.157169999999837],[106.79672000000016,-6.15799],[106.79695,-6.15857],[106.79705000000013,-6.158799999999871],[106.79735,-6.15944],[106.79752,-6.159789999999816],[106.79766000000012,-6.160139999999899],[106.79794,-6.16078],[106.79815000000019,-6.161379999999895],[106.79815130000009,-6.161383799999953],[106.7982866000001,-6.161326399999837],[106.79834770000019,-6.16129879999994],[106.79851550000006,-6.161240099999873],[106.79861470000009,-6.161186299999883],[106.8002398000001,-6.160474399999941],[106.80042040000012,-6.160357499999975],[106.80061360000008,-6.160232599999915],[106.80088060000014,-6.159955099999877],[106.80098740000011,-6.159786299999951],[106.8011934000001,-6.159382399999913],[106.8013155000001,-6.159008999999855],[106.80137650000017,-6.158525499999882],[106.80138420000009,-6.158377699999846],[106.8013994000001,-6.158269],[106.80141470000012,-6.158127799999932],[106.80142990000013,-6.158043],[106.80143000000015,-6.158043599999928],[106.80146050000019,-6.158316699999943],[106.80159020000008,-6.160112399999946],[106.8016894000001,-6.160140999999896],[106.80177330000015,-6.160140099999978],[106.80181670000019,-6.160139799999968],[106.80184960000003,-6.16013959999998],[106.80197160000017,-6.160199199999909],[106.8020479000001,-6.160307399999965],[106.80218530000013,-6.16055729999988],[106.80238360000016,-6.160845299999892],[106.8025972000001,-6.161082799999917],[106.80274220000018,-6.161198199999887],[106.80309320000009,-6.161464199999955],[106.80326100000013,-6.161539599999969],[106.80359670000018,-6.161657399999967],[106.80400870000017,-6.161744599999963],[106.80457180000002,-6.161797199999967],[106.80458090000008,-6.161798],[106.80470290000005,-6.161790899999971],[106.80542010000005,-6.161703099999897],[106.80545820000003,-6.161694599999919],[106.80580920000011,-6.161604],[106.80616780000008,-6.161570599999948],[106.8062576000001,-6.161566299999947],[106.8062975000002,-6.161564399999975],[106.8065187000002,-6.161539099999914],[106.80690780000003,-6.161502899999959],[106.80738090000011,-6.161454299999946],[106.80760980000002,-6.161421399999881],[106.80799890000009,-6.16138129999996],[106.8079999000002,-6.161381099999915],[106.80804350000005,-6.161371699999961],[106.80815910000018,-6.161347],[106.80846420000006,-6.161299799999938],[106.80869310000014,-6.161265399999934],[106.80922720000012,-6.161187699999971],[106.80957050000012,-6.161155699999938],[106.80970020000018,-6.16113809999996],[106.809731,-6.161127699999895],[106.80973840000013,-6.161125199999958],[106.81010460000005,-6.161022699999933],[106.81031060000004,-6.160922099999937],[106.81053940000015,-6.16084769999992],[106.81065390000003,-6.160836299999971],[106.81070020000016,-6.160828399999843],[106.81074,-6.16044],[106.81074,-6.16016],[106.81079000000011,-6.15968],[106.8108000000002,-6.15929],[106.81084000000016,-6.15869],[106.81086,-6.15848],[106.81084000000016,-6.15816999999987],[106.81086,-6.15773],[106.81088000000011,-6.1574],[106.81093000000016,-6.15714],[106.81092000000018,-6.15674],[106.81096000000014,-6.156379999999842],[106.81099000000012,-6.155929999999898],[106.81102,-6.155509999999879],[106.81104000000016,-6.155219999999872],[106.81104000000016,-6.154929999999865],[106.81102,-6.15466],[106.81099000000012,-6.15454],[106.8109800000002,-6.15433],[106.81097,-6.154259999999852],[106.81101000000018,-6.15416],[106.81110000000018,-6.15397],[106.81126,-6.15365],[106.81135,-6.15341],[106.81148000000019,-6.15306],[106.81156,-6.15286],[106.81172000000015,-6.15257],[106.81194,-6.15216],[106.8119700000002,-6.152059999999892],[106.81199,-6.15187],[106.81199,-6.15157],[106.81199,-6.151389999999878],[106.81201000000016,-6.151139999999884],[106.81201000000016,-6.15078],[106.81204000000014,-6.15054],[106.81208,-6.150189999999895],[106.8120600000002,-6.1499],[106.81203,-6.14961],[106.81196000000011,-6.14913],[106.81192000000016,-6.14881],[106.81182,-6.14844],[106.81172000000015,-6.14811],[106.81164,-6.14782],[106.8115,-6.14745],[106.81141,-6.14721],[106.81135,-6.147019999999884],[106.81123,-6.146709999999814],[106.81115,-6.14645],[106.81102,-6.1462],[106.81090000000012,-6.14596],[106.81070000000011,-6.14558],[106.81064000000015,-6.14541],[106.81063000000017,-6.14521],[106.81065,-6.145009999999843],[106.81066,-6.144809999999893],[106.81069000000019,-6.14464],[106.81069000000019,-6.1445],[106.81062,-6.1442],[106.81058000000013,-6.14391],[106.81055000000015,-6.14362],[106.81051000000019,-6.14336],[106.8105000000001,-6.14304],[106.81049000000013,-6.142769999999871],[106.81049000000013,-6.14263],[106.81054,-6.14249],[106.81061000000011,-6.14232],[106.81074,-6.14213999999987],[106.81092000000018,-6.141929999999888],[106.81104000000016,-6.14183]]]}}]}